step,link,latency,fidelity,capacity,active_load,utilization,state,available_bell_pairs,reserved_bell_pairs,consecutive_congested_windows
1,0-2,31.752,0.910092,11,2.0,0.181818,normal,31.0,2.0,0
1,0-3,17.263,0.980881,10,2.0,0.2,normal,26.0,2.0,0
1,0-5,25.924,0.973127,12,0.0,0.0,normal,50.0,0.0,0
1,1-2,20.971,0.987736,12,5.0,0.416667,normal,45.0,5.0,0
1,1-4,15.302,0.92869,12,1.0,0.083333,normal,49.0,1.0,0
1,2-3,27.827,0.974974,5,1.0,0.2,normal,28.0,1.0,0
1,3-4,14.001,0.905855,4,1.0,0.25,normal,63.0,1.0,0
1,3-5,20.444,0.982605,6,0.0,0.0,normal,28.0,0.0,0
2,0-2,30.104,0.909397,12,5.0,0.416667,normal,28.0,5.0,0
2,0-3,15.738,0.990123,10,3.0,0.3,normal,25.0,3.0,0
2,0-5,26.062,0.97867,12,1.0,0.083333,normal,49.0,1.0,0
2,1-2,26.428,0.98614,12,7.0,0.583333,normal,43.0,7.0,0
2,1-4,16.92,0.926714,11,2.0,0.181818,normal,48.0,2.0,0
2,2-3,25.334,0.97596,5,1.0,0.2,normal,28.0,1.0,0
2,3-4,13.871,0.905775,4,3.0,0.75,congested,61.0,3.0,1
2,3-5,18.222,0.975952,7,1.0,0.142857,normal,27.0,1.0,0
3,0-2,31.071,0.909722,12,4.0,0.333333,normal,29.0,4.0,0
3,0-3,14.153,0.990123,10,5.0,0.5,normal,23.0,5.0,0
3,0-5,27.276,0.978599,12,2.0,0.166667,normal,48.0,2.0,0
3,1-2,28.2,0.99173,12,6.0,0.5,normal,44.0,6.0,0
3,1-4,18.651,0.933013,11,2.0,0.181818,normal,48.0,2.0,0
3,2-3,25.988,0.971329,5,3.0,0.6,congested,26.0,3.0,1
3,3-4,12.613,0.909232,4,3.0,0.75,congested,61.0,3.0,2
3,3-5,19.291,0.979446,7,4.0,0.571429,normal,24.0,4.0,0
4,0-2,32.048,0.908097,11,5.0,0.454545,normal,28.0,5.0,0
4,0-3,13.051,0.990123,9,3.0,0.333333,normal,25.0,3.0,0
4,0-5,29.012,0.97867,12,2.0,0.166667,normal,48.0,2.0,0
4,1-2,30.494,0.986388,12,4.0,0.333333,normal,46.0,4.0,0
4,1-4,17.11,0.933334,10,3.0,0.3,normal,47.0,3.0,0
4,2-3,23.556,0.967983,5,3.0,0.6,congested,26.0,3.0,2
4,3-4,13.2,0.911577,4,2.0,0.5,normal,62.0,2.0,0
4,3-5,22.46,0.977958,7,4.0,0.571429,normal,24.0,4.0,0
5,0-2,28.263,0.908423,11,6.0,0.545455,normal,27.0,6.0,0
5,0-3,14.285,0.989122,9,4.0,0.444444,normal,24.0,4.0,0
5,0-5,28.829,0.975129,11,3.0,0.272727,normal,47.0,3.0,0
5,1-2,30.52,0.987925,12,6.0,0.5,normal,44.0,6.0,0
5,1-4,17.224,0.93628,10,3.0,0.3,normal,47.0,3.0,0
5,2-3,24.65,0.965239,5,2.0,0.4,normal,27.0,2.0,0
5,3-4,13.519,0.913185,4,2.0,0.5,normal,62.0,2.0,0
5,3-5,22.566,0.976203,7,3.0,0.428571,normal,25.0,3.0,0
6,0-2,30.841,0.909288,11,5.0,0.454545,normal,28.0,5.0,0
6,0-3,14.93,0.990123,9,4.0,0.444444,normal,24.0,4.0,0
6,0-5,26.922,0.974538,11,6.0,0.545455,normal,44.0,6.0,0
6,1-2,28.377,0.980185,12,10.0,0.833333,congested,40.0,10.0,1
6,1-4,19.032,0.92764,10,3.0,0.3,normal,47.0,3.0,0
6,2-3,24.762,0.968459,5,3.0,0.6,congested,26.0,3.0,1
6,3-4,14.277,0.913165,4,1.0,0.25,normal,63.0,1.0,0
6,3-5,22.389,0.977864,7,2.0,0.285714,normal,26.0,2.0,0
7,0-2,33.848,0.903033,11,6.0,0.545455,normal,27.0,6.0,0
7,0-3,16.169,0.986206,9,5.0,0.555556,normal,23.0,5.0,0
7,0-5,24.21,0.972655,11,7.0,0.636364,congested,43.0,7.0,1
7,1-2,27.454,0.985053,12,8.0,0.666667,congested,42.0,8.0,2
7,1-4,19.722,0.926411,10,4.0,0.4,normal,46.0,4.0,0
7,2-3,24.341,0.968129,5,4.0,0.8,congested,25.0,4.0,2
7,3-4,15.995,0.913989,4,3.0,0.75,congested,61.0,3.0,1
7,3-5,22.904,0.977495,7,2.0,0.285714,normal,26.0,2.0,0
8,0-2,32.197,0.900245,11,6.0,0.545455,normal,27.0,6.0,0
8,0-3,16.249,0.980104,9,4.0,0.444444,normal,24.0,4.0,0
8,0-5,24.95,0.97867,12,4.0,0.333333,normal,46.0,4.0,0
8,1-2,26.809,0.986849,12,5.0,0.416667,normal,45.0,5.0,0
8,1-4,18.538,0.93081,10,1.0,0.1,normal,49.0,1.0,0
8,2-3,22.827,0.97034,5,5.0,1.0,saturated,24.0,5.0,3
8,3-4,16.245,0.913989,4,3.0,0.75,congested,61.0,3.0,2
8,3-5,21.264,0.979071,7,4.0,0.571429,normal,24.0,4.0,0
9,0-2,31.25,0.897302,11,6.0,0.545455,normal,27.0,6.0,0
9,0-3,18.5,0.982632,9,3.0,0.333333,normal,25.0,3.0,0
9,0-5,24.356,0.977962,12,2.0,0.166667,normal,48.0,2.0,0
9,1-2,27.256,0.980585,12,9.0,0.75,congested,41.0,9.0,1
9,1-4,19.017,0.929669,10,2.0,0.2,normal,48.0,2.0,0
9,2-3,21.349,0.969441,5,4.0,0.8,congested,25.0,4.0,4
9,3-4,16.722,0.913989,3,3.0,1.0,saturated,61.0,3.0,3
9,3-5,19.263,0.970508,7,4.0,0.571429,normal,24.0,4.0,0
10,0-2,28.449,0.898158,11,4.0,0.363636,normal,29.0,4.0,0
10,0-3,21.068,0.981274,10,3.0,0.3,normal,25.0,3.0,0
10,0-5,22.215,0.976609,12,2.0,0.166667,normal,48.0,2.0,0
10,1-2,25.112,0.97554,12,7.0,0.583333,normal,43.0,7.0,0
10,1-4,18.762,0.937306,10,4.0,0.4,normal,46.0,4.0,0
10,2-3,23.895,0.968085,5,4.0,0.8,congested,25.0,4.0,5
10,3-4,16.764,0.91087,4,4.0,1.0,saturated,60.0,4.0,4
10,3-5,22.423,0.970943,7,4.0,0.571429,normal,24.0,4.0,0
11,0-2,33.808,0.901357,11,2.0,0.181818,normal,31.0,2.0,0
11,0-3,18.176,0.982397,10,0.0,0.0,normal,28.0,0.0,0
11,0-5,21.741,0.973441,12,1.0,0.083333,normal,49.0,1.0,0
11,1-2,22.796,0.975009,12,2.0,0.166667,normal,48.0,2.0,0
11,1-4,18.653,0.938507,10,4.0,0.4,normal,46.0,4.0,0
11,2-3,25.272,0.973767,5,0.0,0.0,normal,29.0,0.0,0
11,3-4,15.331,0.91337,4,2.0,0.5,normal,62.0,2.0,0
11,3-5,23.661,0.966275,7,2.0,0.285714,normal,26.0,2.0,0
12,0-2,34.193,0.90011,11,4.0,0.363636,normal,29.0,4.0,0
12,0-3,17.224,0.980952,9,1.0,0.111111,normal,27.0,1.0,0
12,0-5,25.395,0.974039,12,1.0,0.083333,normal,49.0,1.0,0
12,1-2,24.387,0.9735,12,7.0,0.583333,normal,43.0,7.0,0
12,1-4,16.525,0.940265,10,5.0,0.5,normal,45.0,5.0,0
12,2-3,30.116,0.976562,5,1.0,0.2,normal,28.0,1.0,0
12,3-4,15.608,0.913989,4,2.0,0.5,normal,62.0,2.0,0
12,3-5,26.515,0.96783,8,2.0,0.25,normal,26.0,2.0,0
13,0-2,33.623,0.903546,11,5.0,0.454545,normal,28.0,5.0,0
13,0-3,18.092,0.983121,9,2.0,0.222222,normal,26.0,2.0,0
13,0-5,27.7,0.977441,11,4.0,0.363636,normal,46.0,4.0,0
13,1-2,25.268,0.968851,12,5.0,0.416667,normal,45.0,5.0,0
13,1-4,15.557,0.940853,10,5.0,0.5,normal,45.0,5.0,0
13,2-3,28.302,0.977977,5,2.0,0.4,normal,27.0,2.0,0
13,3-4,14.976,0.90844,4,2.0,0.5,normal,62.0,2.0,0
13,3-5,23.276,0.970774,8,4.0,0.5,normal,24.0,4.0,0
14,0-2,35.833,0.902897,11,6.0,0.545455,normal,27.0,6.0,0
14,0-3,18.961,0.985082,9,4.0,0.444444,normal,24.0,4.0,0
14,0-5,27.377,0.978524,11,6.0,0.545455,normal,44.0,6.0,0
14,1-2,26.922,0.968968,12,7.0,0.583333,normal,43.0,7.0,0
14,1-4,15.398,0.935772,10,4.0,0.4,normal,46.0,4.0,0
14,2-3,28.711,0.977977,5,3.0,0.6,congested,26.0,3.0,1
14,3-4,16.576,0.913989,4,3.0,0.75,congested,61.0,3.0,1
14,3-5,21.461,0.972708,8,5.0,0.625,congested,23.0,5.0,1
15,0-2,33.312,0.906908,10,5.0,0.5,normal,28.0,5.0,0
15,0-3,22.0,0.989078,8,4.0,0.5,normal,24.0,4.0,0
15,0-5,24.231,0.97867,12,6.0,0.5,normal,44.0,6.0,0
15,1-2,26.284,0.972088,12,7.0,0.583333,normal,43.0,7.0,0
15,1-4,14.629,0.940853,10,5.0,0.5,normal,45.0,5.0,0
15,2-3,29.976,0.977977,5,3.0,0.6,congested,26.0,3.0,2
15,3-4,16.619,0.912143,3,3.0,1.0,saturated,61.0,3.0,2
15,3-5,19.236,0.971855,8,5.0,0.625,congested,23.0,5.0,2
16,0-2,34.391,0.909129,10,6.0,0.6,congested,27.0,6.0,1
16,0-3,19.464,0.984622,9,4.0,0.444444,normal,24.0,4.0,0
16,0-5,28.075,0.977401,11,5.0,0.454545,normal,45.0,5.0,0
16,1-2,26.125,0.979027,12,7.0,0.583333,normal,43.0,7.0,0
16,1-4,15.622,0.939639,11,4.0,0.363636,normal,46.0,4.0,0
16,2-3,27.948,0.973193,5,3.0,0.6,congested,26.0,3.0,3
16,3-4,15.72,0.913959,3,3.0,1.0,saturated,61.0,3.0,3
16,3-5,23.535,0.972499,8,3.0,0.375,normal,25.0,3.0,0
17,0-2,32.951,0.906056,10,5.0,0.5,normal,28.0,5.0,0
17,0-3,18.871,0.986274,9,5.0,0.555556,normal,23.0,5.0,0
17,0-5,27.898,0.976139,11,2.0,0.181818,normal,48.0,2.0,0
17,1-2,25.773,0.981473,12,8.0,0.666667,congested,42.0,8.0,1
17,1-4,14.552,0.936627,11,3.0,0.272727,normal,47.0,3.0,0
17,2-3,27.805,0.977977,5,3.0,0.6,congested,26.0,3.0,4
17,3-4,15.561,0.911267,3,3.0,1.0,saturated,61.0,3.0,4
17,3-5,23.508,0.975601,8,2.0,0.25,normal,26.0,2.0,0
18,0-2,33.666,0.905742,10,5.0,0.5,normal,28.0,5.0,0
18,0-3,21.328,0.98637,9,3.0,0.333333,normal,25.0,3.0,0
18,0-5,26.737,0.972169,11,1.0,0.090909,normal,49.0,1.0,0
18,1-2,26.73,0.978167,12,10.0,0.833333,congested,40.0,10.0,2
18,1-4,16.309,0.936379,11,3.0,0.272727,normal,47.0,3.0,0
18,2-3,25.625,0.97582,5,2.0,0.4,normal,27.0,2.0,0
18,3-4,15.913,0.913989,3,2.0,0.666667,congested,62.0,2.0,5
18,3-5,25.096,0.981496,8,2.0,0.25,normal,26.0,2.0,0
19,0-2,32.524,0.904646,10,4.0,0.4,normal,29.0,4.0,0
19,0-3,20.493,0.982269,9,4.0,0.444444,normal,24.0,4.0,0
19,0-5,30.814,0.97867,11,3.0,0.272727,normal,47.0,3.0,0
19,1-2,29.155,0.981009,12,7.0,0.583333,normal,43.0,7.0,0
19,1-4,14.124,0.933892,11,3.0,0.272727,normal,47.0,3.0,0
19,2-3,26.622,0.971997,5,2.0,0.4,normal,27.0,2.0,0
19,3-4,18.253,0.905776,3,2.0,0.666667,congested,62.0,2.0,6
19,3-5,28.347,0.979774,8,3.0,0.375,normal,25.0,3.0,0
20,0-2,32.828,0.910673,10,6.0,0.6,congested,27.0,6.0,1
20,0-3,21.586,0.985932,9,2.0,0.222222,normal,26.0,2.0,0
20,0-5,29.084,0.973784,11,3.0,0.272727,normal,47.0,3.0,0
20,1-2,29.362,0.984314,12,5.0,0.416667,normal,45.0,5.0,0
20,1-4,16.097,0.936768,11,2.0,0.181818,normal,48.0,2.0,0
20,2-3,27.586,0.971135,5,3.0,0.6,congested,26.0,3.0,1
20,3-4,19.343,0.908279,3,1.0,0.333333,normal,63.0,1.0,0
20,3-5,24.629,0.980965,8,4.0,0.5,normal,24.0,4.0,0
21,0-2,30.499,0.905728,10,7.0,0.7,congested,26.0,7.0,2
21,0-3,21.31,0.981739,9,4.0,0.444444,normal,24.0,4.0,0
21,0-5,29.269,0.971381,11,4.0,0.363636,normal,46.0,4.0,0
21,1-2,27.249,0.985463,12,6.0,0.5,normal,44.0,6.0,0
21,1-4,16.992,0.93377,11,2.0,0.181818,normal,48.0,2.0,0
21,2-3,29.668,0.969214,5,2.0,0.4,normal,27.0,2.0,0
21,3-4,17.056,0.91213,3,1.0,0.333333,normal,63.0,1.0,0
21,3-5,26.481,0.982238,8,2.0,0.25,normal,26.0,2.0,0
22,0-2,28.925,0.910673,11,5.0,0.454545,normal,28.0,5.0,0
22,0-3,22.142,0.980277,9,6.0,0.666667,congested,22.0,6.0,1
22,0-5,30.895,0.976468,11,6.0,0.545455,normal,44.0,6.0,0
22,1-2,26.542,0.982909,12,10.0,0.833333,congested,40.0,10.0,1
22,1-4,18.236,0.927914,11,5.0,0.454545,normal,45.0,5.0,0
22,2-3,26.315,0.969878,5,4.0,0.8,congested,25.0,4.0,1
22,3-4,14.525,0.913862,3,2.0,0.666667,congested,62.0,2.0,1
22,3-5,23.897,0.985171,8,4.0,0.5,normal,24.0,4.0,0
23,0-2,27.839,0.907961,11,6.0,0.545455,normal,27.0,6.0,0
23,0-3,19.916,0.977743,9,3.0,0.333333,normal,25.0,3.0,0
23,0-5,29.4,0.974379,11,4.0,0.363636,normal,46.0,4.0,0
23,1-2,25.895,0.986034,12,7.0,0.583333,normal,43.0,7.0,0
23,1-4,20.022,0.932015,11,6.0,0.545455,normal,44.0,6.0,0
23,2-3,24.95,0.975718,4,2.0,0.5,normal,27.0,2.0,0
23,3-4,15.797,0.913989,3,3.0,1.0,saturated,61.0,3.0,2
23,3-5,23.791,0.979126,8,4.0,0.5,normal,24.0,4.0,0
24,0-2,28.703,0.910253,11,6.0,0.545455,normal,27.0,6.0,0
24,0-3,18.764,0.975369,10,5.0,0.5,normal,23.0,5.0,0
24,0-5,27.558,0.970538,11,4.0,0.363636,normal,46.0,4.0,0
24,1-2,25.293,0.992326,12,6.0,0.5,normal,44.0,6.0,0
24,1-4,21.511,0.938255,11,4.0,0.363636,normal,46.0,4.0,0
24,2-3,26.374,0.977389,4,3.0,0.75,congested,26.0,3.0,1
24,3-4,14.064,0.910991,3,3.0,1.0,saturated,61.0,3.0,3
24,3-5,22.017,0.986222,8,5.0,0.625,congested,23.0,5.0,1
25,0-2,31.433,0.910673,11,6.0,0.545455,normal,27.0,6.0,0
25,0-3,17.744,0.973194,11,7.0,0.636364,congested,21.0,7.0,1
25,0-5,25.578,0.964943,12,4.0,0.333333,normal,46.0,4.0,0
25,1-2,24.31,0.989368,12,10.0,0.833333,congested,40.0,10.0,1
25,1-4,21.581,0.940853,11,4.0,0.363636,normal,46.0,4.0,0
25,2-3,26.14,0.973164,5,4.0,0.8,congested,25.0,4.0,2
25,3-4,14.12,0.912815,3,3.0,1.0,saturated,61.0,3.0,4
25,3-5,23.857,0.985801,8,6.0,0.75,congested,22.0,6.0,2
26,0-2,29.429,0.910673,11,4.0,0.363636,normal,29.0,4.0,0
26,0-3,16.934,0.976573,11,4.0,0.363636,normal,24.0,4.0,0
26,0-5,27.629,0.96516,12,3.0,0.25,normal,47.0,3.0,0
26,1-2,27.535,0.989963,12,7.0,0.583333,normal,43.0,7.0,0
26,1-4,16.937,0.940165,11,4.0,0.363636,normal,46.0,4.0,0
26,2-3,24.404,0.977977,5,3.0,0.6,congested,26.0,3.0,3
26,3-4,14.317,0.911885,3,3.0,1.0,saturated,61.0,3.0,5
26,3-5,23.008,0.981815,8,3.0,0.375,normal,25.0,3.0,0
27,0-2,32.125,0.910673,11,3.0,0.272727,normal,30.0,3.0,0
27,0-3,16.813,0.982329,11,3.0,0.272727,normal,25.0,3.0,0
27,0-5,24.028,0.969382,12,2.0,0.166667,normal,48.0,2.0,0
27,1-2,25.25,0.987864,12,5.0,0.416667,normal,45.0,5.0,0
27,1-4,16.251,0.940442,11,5.0,0.454545,normal,45.0,5.0,0
27,2-3,28.938,0.97017,5,2.0,0.4,normal,27.0,2.0,0
27,3-4,13.516,0.907272,3,2.0,0.666667,congested,62.0,2.0,6
27,3-5,26.853,0.982705,8,1.0,0.125,normal,27.0,1.0,0
28,0-2,30.068,0.910673,11,3.0,0.272727,normal,30.0,3.0,0
28,0-3,17.429,0.985346,11,2.0,0.181818,normal,26.0,2.0,0
28,0-5,23.009,0.967365,13,2.0,0.153846,normal,48.0,2.0,0
28,1-2,24.45,0.989952,12,7.0,0.583333,normal,43.0,7.0,0
28,1-4,16.251,0.940853,11,5.0,0.454545,normal,45.0,5.0,0
28,2-3,31.305,0.966326,5,2.0,0.4,normal,27.0,2.0,0
28,3-4,12.585,0.913989,4,2.0,0.5,normal,62.0,2.0,0
28,3-5,30.565,0.975649,8,1.0,0.125,normal,27.0,1.0,0
29,0-2,24.866,0.905866,11,6.0,0.545455,normal,27.0,6.0,0
29,0-3,18.599,0.985683,10,3.0,0.3,normal,25.0,3.0,0
29,0-5,23.061,0.968792,13,6.0,0.461538,normal,44.0,6.0,0
29,1-2,25.171,0.992598,12,6.0,0.5,normal,44.0,6.0,0
29,1-4,14.819,0.940853,11,6.0,0.545455,normal,44.0,6.0,0
29,2-3,32.801,0.966811,5,2.0,0.4,normal,27.0,2.0,0
29,3-4,14.741,0.909776,4,3.0,0.75,congested,61.0,3.0,1
29,3-5,30.253,0.978549,8,1.0,0.125,normal,27.0,1.0,0
30,0-2,21.672,0.906296,12,6.0,0.5,normal,27.0,6.0,0
30,0-3,18.146,0.986981,10,2.0,0.2,normal,26.0,2.0,0
30,0-5,17.835,0.972682,13,7.0,0.538462,normal,43.0,7.0,0
30,1-2,25.467,0.984016,12,7.0,0.583333,normal,43.0,7.0,0
30,1-4,16.583,0.934389,11,6.0,0.545455,normal,44.0,6.0,0
30,2-3,31.797,0.971682,5,2.0,0.4,normal,27.0,2.0,0
30,3-4,15.609,0.912985,3,3.0,1.0,saturated,61.0,3.0,2
30,3-5,27.194,0.982534,8,3.0,0.375,normal,25.0,3.0,0
31,0-2,19.18,0.902859,12,6.0,0.5,normal,27.0,6.0,0
31,0-3,16.999,0.987145,10,1.0,0.1,normal,27.0,1.0,0
31,0-5,15.224,0.973374,13,4.0,0.307692,normal,46.0,4.0,0
31,1-2,23.831,0.977493,12,6.0,0.5,normal,44.0,6.0,0
31,1-4,15.536,0.936938,11,5.0,0.454545,normal,45.0,5.0,0
31,2-3,26.939,0.969483,5,1.0,0.2,normal,28.0,1.0,0
31,3-4,13.501,0.907173,3,2.0,0.666667,congested,62.0,2.0,3
31,3-5,31.876,0.980436,8,3.0,0.375,normal,25.0,3.0,0
32,0-2,25.628,0.901086,12,7.0,0.583333,normal,26.0,7.0,0
32,0-3,18.521,0.990123,10,0.0,0.0,normal,28.0,0.0,0
32,0-5,18.602,0.975997,13,4.0,0.307692,normal,46.0,4.0,0
32,1-2,22.76,0.979994,12,6.0,0.5,normal,44.0,6.0,0
32,1-4,15.278,0.937644,12,3.0,0.25,normal,47.0,3.0,0
32,2-3,28.867,0.972719,5,1.0,0.2,normal,28.0,1.0,0
32,3-4,12.697,0.905316,3,1.0,0.333333,normal,63.0,1.0,0
32,3-5,29.792,0.981766,8,2.0,0.25,normal,26.0,2.0,0
33,0-2,27.657,0.895755,12,4.0,0.333333,normal,29.0,4.0,0
33,0-3,22.204,0.990123,10,2.0,0.2,normal,26.0,2.0,0
33,0-5,18.762,0.976753,13,2.0,0.153846,normal,48.0,2.0,0
33,1-2,21.937,0.98038,12,9.0,0.75,congested,41.0,9.0,1
33,1-4,17.378,0.940172,12,3.0,0.25,normal,47.0,3.0,0
33,2-3,28.19,0.973448,5,2.0,0.4,normal,27.0,2.0,0
33,3-4,14.488,0.908568,3,1.0,0.333333,normal,63.0,1.0,0
33,3-5,30.769,0.981421,8,0.0,0.0,normal,28.0,0.0,0
34,0-2,30.973,0.899747,12,5.0,0.416667,normal,28.0,5.0,0
34,0-3,21.758,0.990123,11,2.0,0.181818,normal,26.0,2.0,0
34,0-5,20.82,0.975528,13,2.0,0.153846,normal,48.0,2.0,0
34,1-2,23.648,0.977681,12,9.0,0.75,congested,41.0,9.0,2
34,1-4,15.293,0.932855,12,3.0,0.25,normal,47.0,3.0,0
34,2-3,29.612,0.970167,5,1.0,0.2,normal,28.0,1.0,0
34,3-4,16.446,0.90701,3,2.0,0.666667,congested,62.0,2.0,1
34,3-5,29.227,0.979215,8,1.0,0.125,normal,27.0,1.0,0
35,0-2,28.472,0.8981,12,6.0,0.5,normal,27.0,6.0,0
35,0-3,19.506,0.990123,10,4.0,0.4,normal,24.0,4.0,0
35,0-5,24.712,0.975072,12,5.0,0.416667,normal,45.0,5.0,0
35,1-2,21.214,0.980573,12,7.0,0.583333,normal,43.0,7.0,0
35,1-4,18.616,0.935579,11,3.0,0.272727,normal,47.0,3.0,0
35,2-3,30.51,0.972389,5,0.0,0.0,normal,29.0,0.0,0
35,3-4,17.784,0.907501,4,2.0,0.5,normal,62.0,2.0,0
35,3-5,29.997,0.975101,8,1.0,0.125,normal,27.0,1.0,0
36,0-2,31.232,0.895595,12,7.0,0.583333,normal,26.0,7.0,0
36,0-3,18.421,0.979115,10,1.0,0.1,normal,27.0,1.0,0
36,0-5,28.007,0.970111,12,4.0,0.333333,normal,46.0,4.0,0
36,1-2,22.584,0.980144,12,4.0,0.333333,normal,46.0,4.0,0
36,1-4,16.949,0.932278,11,3.0,0.272727,normal,47.0,3.0,0
36,2-3,30.107,0.973857,4,1.0,0.25,normal,28.0,1.0,0
36,3-4,17.645,0.909304,4,2.0,0.5,normal,62.0,2.0,0
36,3-5,30.401,0.984401,8,2.0,0.25,normal,26.0,2.0,0
37,0-2,32.502,0.893002,12,6.0,0.5,normal,27.0,6.0,0
37,0-3,20.834,0.980578,10,2.0,0.2,normal,26.0,2.0,0
37,0-5,28.039,0.969554,12,3.0,0.25,normal,47.0,3.0,0
37,1-2,19.387,0.983803,12,5.0,0.416667,normal,45.0,5.0,0
37,1-4,14.022,0.929232,11,3.0,0.272727,normal,47.0,3.0,0
37,2-3,30.372,0.968114,4,2.0,0.5,normal,27.0,2.0,0
37,3-4,18.666,0.910606,3,2.0,0.666667,congested,62.0,2.0,1
37,3-5,26.383,0.988246,8,4.0,0.5,normal,24.0,4.0,0
38,0-2,30.5,0.890118,12,6.0,0.5,normal,27.0,6.0,0
38,0-3,20.026,0.982197,10,5.0,0.5,normal,23.0,5.0,0
38,0-5,25.88,0.968369,12,5.0,0.416667,normal,45.0,5.0,0
38,1-2,20.858,0.982123,13,8.0,0.615385,congested,42.0,8.0,1
38,1-4,14.244,0.940853,11,4.0,0.363636,normal,46.0,4.0,0
38,2-3,31.089,0.967969,4,1.0,0.25,normal,28.0,1.0,0
38,3-4,18.599,0.911668,3,3.0,1.0,saturated,61.0,3.0,2
38,3-5,23.652,0.988246,8,4.0,0.5,normal,24.0,4.0,0
39,0-2,27.433,0.89398,12,8.0,0.666667,congested,25.0,8.0,1
39,0-3,21.636,0.984972,10,2.0,0.2,normal,26.0,2.0,0
39,0-5,25.197,0.975943,12,4.0,0.333333,normal,46.0,4.0,0
39,1-2,20.975,0.986631,13,7.0,0.538462,normal,43.0,7.0,0
39,1-4,12.058,0.93335,11,4.0,0.363636,normal,46.0,4.0,0
39,2-3,29.006,0.969068,4,2.0,0.5,normal,27.0,2.0,0
39,3-4,19.718,0.910542,3,3.0,1.0,saturated,61.0,3.0,3
39,3-5,27.147,0.987419,8,4.0,0.5,normal,24.0,4.0,0
40,0-2,27.744,0.894576,12,8.0,0.666667,congested,25.0,8.0,2
40,0-3,21.713,0.983952,10,1.0,0.1,normal,27.0,1.0,0
40,0-5,25.995,0.971604,12,6.0,0.5,normal,44.0,6.0,0
40,1-2,24.028,0.992598,13,7.0,0.538462,normal,43.0,7.0,0
40,1-4,15.945,0.9327,11,3.0,0.272727,normal,47.0,3.0,0
40,2-3,27.373,0.969843,4,2.0,0.5,normal,27.0,2.0,0
40,3-4,19.014,0.90695,3,2.0,0.666667,congested,62.0,2.0,4
40,3-5,25.834,0.988246,8,3.0,0.375,normal,25.0,3.0,0
41,0-2,26.735,0.895883,12,7.0,0.583333,normal,26.0,7.0,0
41,0-3,21.375,0.980885,10,3.0,0.3,normal,25.0,3.0,0
41,0-5,24.012,0.965481,12,5.0,0.416667,normal,45.0,5.0,0
41,1-2,20.945,0.992598,13,8.0,0.615385,congested,42.0,8.0,1
41,1-4,17.169,0.931231,11,4.0,0.363636,normal,46.0,4.0,0
41,2-3,25.014,0.969916,4,2.0,0.5,normal,27.0,2.0,0
41,3-4,17.722,0.91177,3,3.0,1.0,saturated,61.0,3.0,5
41,3-5,28.183,0.985934,8,2.0,0.25,normal,26.0,2.0,0
42,0-2,27.308,0.899891,12,7.0,0.583333,normal,26.0,7.0,0
42,0-3,19.911,0.984039,10,2.0,0.2,normal,26.0,2.0,0
42,0-5,22.811,0.963114,12,4.0,0.333333,normal,46.0,4.0,0
42,1-2,22.208,0.982395,13,7.0,0.538462,normal,43.0,7.0,0
42,1-4,16.883,0.930473,11,6.0,0.545455,normal,44.0,6.0,0
42,2-3,26.483,0.967691,4,2.0,0.5,normal,27.0,2.0,0
42,3-4,16.648,0.913989,3,2.0,0.666667,congested,62.0,2.0,6
42,3-5,27.968,0.985821,8,1.0,0.125,normal,27.0,1.0,0
43,0-2,29.907,0.898156,12,5.0,0.416667,normal,28.0,5.0,0
43,0-3,22.856,0.985891,10,1.0,0.1,normal,27.0,1.0,0
43,0-5,25.457,0.971123,12,3.0,0.25,normal,47.0,3.0,0
43,1-2,21.253,0.980334,13,5.0,0.384615,normal,45.0,5.0,0
43,1-4,13.601,0.931365,11,7.0,0.636364,congested,43.0,7.0,1
43,2-3,28.137,0.970179,4,3.0,0.75,congested,26.0,3.0,1
43,3-4,14.91,0.910445,3,2.0,0.666667,congested,62.0,2.0,7
43,3-5,25.251,0.979084,8,1.0,0.125,normal,27.0,1.0,0
44,0-2,35.326,0.897821,12,4.0,0.333333,normal,29.0,4.0,0
44,0-3,23.964,0.981721,9,1.0,0.111111,normal,27.0,1.0,0
44,0-5,26.867,0.971214,12,2.0,0.166667,normal,48.0,2.0,0
44,1-2,20.314,0.982274,13,8.0,0.615385,congested,42.0,8.0,1
44,1-4,14.929,0.928756,11,6.0,0.545455,normal,44.0,6.0,0
44,2-3,30.407,0.961895,4,3.0,0.75,congested,26.0,3.0,2
44,3-4,15.081,0.907802,4,3.0,0.75,congested,61.0,3.0,8
44,3-5,24.198,0.978206,8,2.0,0.25,normal,26.0,2.0,0
45,0-2,32.99,0.895323,12,5.0,0.416667,normal,28.0,5.0,0
45,0-3,23.115,0.981463,9,3.0,0.333333,normal,25.0,3.0,0
45,0-5,25.818,0.967703,12,3.0,0.25,normal,47.0,3.0,0
45,1-2,17.721,0.983623,13,5.0,0.384615,normal,45.0,5.0,0
45,1-4,14.203,0.927707,12,5.0,0.416667,normal,45.0,5.0,0
45,2-3,27.602,0.961216,5,2.0,0.4,normal,27.0,2.0,0
45,3-4,16.893,0.907771,4,3.0,0.75,congested,61.0,3.0,9
45,3-5,21.967,0.980409,8,4.0,0.5,normal,24.0,4.0,0
46,0-2,31.547,0.894847,12,7.0,0.583333,normal,26.0,7.0,0
46,0-3,24.519,0.98643,8,2.0,0.25,normal,26.0,2.0,0
46,0-5,24.357,0.963931,12,5.0,0.416667,normal,45.0,5.0,0
46,1-2,17.878,0.989662,13,7.0,0.538462,normal,43.0,7.0,0
46,1-4,15.178,0.927907,12,4.0,0.333333,normal,46.0,4.0,0
46,2-3,25.886,0.959123,5,2.0,0.4,normal,27.0,2.0,0
46,3-4,17.165,0.913989,4,2.0,0.5,normal,62.0,2.0,0
46,3-5,24.612,0.983812,8,3.0,0.375,normal,25.0,3.0,0
47,0-2,33.98,0.897501,12,6.0,0.5,normal,27.0,6.0,0
47,0-3,23.205,0.990123,8,2.0,0.25,normal,26.0,2.0,0
47,0-5,23.839,0.959886,12,3.0,0.25,normal,47.0,3.0,0
47,1-2,17.496,0.990752,13,7.0,0.538462,normal,43.0,7.0,0
47,1-4,12.658,0.929766,12,5.0,0.416667,normal,45.0,5.0,0
47,2-3,29.088,0.964041,5,1.0,0.2,normal,28.0,1.0,0
47,3-4,17.16,0.907923,4,2.0,0.5,normal,62.0,2.0,0
47,3-5,22.935,0.988246,8,2.0,0.25,normal,26.0,2.0,0
48,0-2,37.598,0.903686,12,6.0,0.5,normal,27.0,6.0,0
48,0-3,23.309,0.990123,8,1.0,0.125,normal,27.0,1.0,0
48,0-5,21.108,0.965817,12,3.0,0.25,normal,47.0,3.0,0
48,1-2,18.98,0.990055,13,6.0,0.461538,normal,44.0,6.0,0
48,1-4,13.356,0.935801,12,5.0,0.416667,normal,45.0,5.0,0
48,2-3,30.6,0.960854,5,2.0,0.4,normal,27.0,2.0,0
48,3-4,17.192,0.90998,4,3.0,0.75,congested,61.0,3.0,1
48,3-5,20.474,0.9832,8,2.0,0.25,normal,26.0,2.0,0
49,0-2,37.099,0.903269,12,5.0,0.416667,normal,28.0,5.0,0
49,0-3,23.398,0.990123,8,2.0,0.25,normal,26.0,2.0,0
49,0-5,21.006,0.974049,12,0.0,0.0,normal,50.0,0.0,0
49,1-2,16.717,0.987774,13,7.0,0.538462,normal,43.0,7.0,0
49,1-4,15.214,0.938841,12,3.0,0.25,normal,47.0,3.0,0
49,2-3,34.367,0.964153,5,2.0,0.4,normal,27.0,2.0,0
49,3-4,12.849,0.911546,4,2.0,0.5,normal,62.0,2.0,0
49,3-5,20.828,0.976684,8,1.0,0.125,normal,27.0,1.0,0
50,0-2,33.818,0.898817,12,4.0,0.333333,normal,29.0,4.0,0
50,0-3,22.357,0.985415,8,2.0,0.25,normal,26.0,2.0,0
50,0-5,24.544,0.975689,13,1.0,0.076923,normal,49.0,1.0,0
50,1-2,15.173,0.992598,13,8.0,0.615385,congested,42.0,8.0,1
50,1-4,16.343,0.940853,11,3.0,0.272727,normal,47.0,3.0,0
50,2-3,32.585,0.965359,5,1.0,0.2,normal,28.0,1.0,0
50,3-4,12.707,0.904562,4,2.0,0.5,normal,62.0,2.0,0
50,3-5,23.718,0.983365,8,2.0,0.25,normal,26.0,2.0,0
