event_id,step,reason,reason_detail,trigger_links,affected_qubits,accepted,rejection_reason,moves,qubits_moved,unaffected_qubits_moved,candidates_evaluated,objective_before,objective_after,communication_cost_before,communication_cost_after,deferred_load_before,deferred_load_after,migration_cost,trigger_link_peak_utilization_before,trigger_link_peak_utilization_after,old_partition,new_partition
1,3,congestion,congestion,3-4,13 23,False,no_improving_selective_move,,,0,1,8755.314284474884,8755.314284474884,8755.314284474884,8755.314284474884,0.0,0.0,0.0,1.0,1.0,"{0: [4, 5, 6, 20], 1: [0, 7, 9, 18], 2: [8, 10, 12, 19], 3: [1, 13, 15, 22], 4: [2, 3, 16, 23], 5: [11, 14, 17, 21]}",
2,7,congestion,congestion,1-2|2-3,0 3 5 8 12 17 20 21,False,improvement_below_margin,,,0,50,12292.02178724932,12139.555560826993,12292.02178724932,11996.455486512494,0.0,0.0,143.1000743145,0.8,0.8,"{0: [4, 5, 6, 20], 1: [0, 7, 9, 18], 2: [8, 10, 12, 19], 3: [1, 13, 15, 22], 4: [2, 3, 16, 23], 5: [11, 14, 17, 21]}",
3,8,congestion,congestion,2-3|3-4,1 3 10 12 14 18,False,improvement_below_margin,,,0,28,11940.708158554511,11792.529152085812,11940.708158554511,11726.280952085812,0.0,0.0,66.24820000000001,1.0,1.0,"{0: [4, 5, 6, 20], 1: [0, 7, 9, 18], 2: [8, 10, 12, 19], 3: [1, 13, 15, 22], 4: [2, 3, 16, 23], 5: [11, 14, 17, 21]}",
4,9,congestion,congestion,2-3|3-4,1 2 7 8 17 21 22 23,False,no_improving_selective_move,,,0,25,15045.571297633907,15045.571297633907,14445.571297633907,14445.571297633907,3.0,3.0,0.0,1.0,1.0,"{0: [4, 5, 6, 20], 1: [0, 7, 9, 18], 2: [8, 10, 12, 19], 3: [1, 13, 15, 22], 4: [2, 3, 16, 23], 5: [11, 14, 17, 21]}",
5,10,congestion,congestion,3-4,2 13 16 21,False,no_improving_selective_move,,,0,5,8503.246717751887,8503.246717751887,8503.246717751887,8503.246717751887,0.0,0.0,0.0,0.75,0.75,"{0: [4, 5, 6, 20], 1: [0, 7, 9, 18], 2: [8, 10, 12, 19], 3: [1, 13, 15, 22], 4: [2, 3, 16, 23], 5: [11, 14, 17, 21]}",
6,15,congestion,congestion,2-3|3-4|3-5,2 8 13 14 15 17 18 20,False,improvement_below_margin,,,0,52,13814.77795212938,13539.217719062115,13814.77795212938,13426.326019062115,0.0,0.0,112.89169999999999,1.0,1.0,"{0: [4, 5, 6, 20], 1: [0, 7, 9, 18], 2: [8, 10, 12, 19], 3: [1, 13, 15, 22], 4: [2, 3, 16, 23], 5: [11, 14, 17, 21]}",
7,16,congestion,congestion,2-3|3-4,3 5 9 10 14 15,False,no_improving_selective_move,,,0,15,13591.151490094506,13591.151490094506,13591.151490094506,13591.151490094506,0.0,0.0,0.0,1.0,1.0,"{0: [4, 5, 6, 20], 1: [0, 7, 9, 18], 2: [8, 10, 12, 19], 3: [1, 13, 15, 22], 4: [2, 3, 16, 23], 5: [11, 14, 17, 21]}",
8,17,congestion,congestion,2-3|3-4,7 13 16 22,False,no_improving_selective_move,,,0,5,12105.13561598788,12105.13561598788,12105.13561598788,12105.13561598788,0.0,0.0,0.0,1.0,1.0,"{0: [4, 5, 6, 20], 1: [0, 7, 9, 18], 2: [8, 10, 12, 19], 3: [1, 13, 15, 22], 4: [2, 3, 16, 23], 5: [11, 14, 17, 21]}",
9,18,congestion,congestion,1-2|3-4,2 3 7 8 11 12 15 16 18 19 21 23,False,improvement_below_margin,,,0,110,11454.971471884284,11082.518116649475,11454.971471884284,10959.915426158275,0.0,0.0,122.60269049119998,1.0,1.0,"{0: [4, 5, 6, 20], 1: [0, 7, 9, 18], 2: [8, 10, 12, 19], 3: [1, 13, 15, 22], 4: [2, 3, 16, 23], 5: [11, 14, 17, 21]}",
10,19,congestion,congestion,3-4,13 23,False,no_improving_selective_move,,,0,1,9991.9226438665,9991.9226438665,9991.9226438665,9991.9226438665,0.0,0.0,0.0,0.6666666666666666,0.6666666666666666,"{0: [4, 5, 6, 20], 1: [0, 7, 9, 18], 2: [8, 10, 12, 19], 3: [1, 13, 15, 22], 4: [2, 3, 16, 23], 5: [11, 14, 17, 21]}",
11,21,congestion,congestion,0-2,7 14 20 23,False,no_improving_selective_move,,,0,6,14785.342973385574,14785.342973385574,14785.342973385574,14785.342973385574,0.0,0.0,0.0,0.7,0.7,"{0: [4, 5, 6, 20], 1: [0, 7, 9, 18], 2: [8, 10, 12, 19], 3: [1, 13, 15, 22], 4: [2, 3, 16, 23], 5: [11, 14, 17, 21]}",
12,23,congestion,congestion,3-4,3 11 16 17,False,no_improving_selective_move,,,0,4,15367.300041641414,15367.300041641414,14767.300041641414,14767.300041641414,3.0,3.0,0.0,1.0,1.0,"{0: [4, 5, 6, 20], 1: [0, 7, 9, 18], 2: [8, 10, 12, 19], 3: [1, 13, 15, 22], 4: [2, 3, 16, 23], 5: [11, 14, 17, 21]}",
13,25,congestion,congestion,2-3|3-4|3-5,1 2 13 14 17 18 20 23,False,no_improving_selective_move,,,0,25,13005.217386759763,13005.217386759763,13005.217386759763,13005.217386759763,0.0,0.0,0.0,1.0,1.0,"{0: [4, 5, 6, 20], 1: [0, 7, 9, 18], 2: [8, 10, 12, 19], 3: [1, 13, 15, 22], 4: [2, 3, 16, 23], 5: [11, 14, 17, 21]}",
14,26,congestion,congestion,2-3|3-4,2 5 13 16 21 23,False,no_improving_selective_move,,,0,12,12002.958314766753,12002.958314766753,12002.958314766753,12002.958314766753,0.0,0.0,0.0,1.0,1.0,"{0: [4, 5, 6, 20], 1: [0, 7, 9, 18], 2: [8, 10, 12, 19], 3: [1, 13, 15, 22], 4: [2, 3, 16, 23], 5: [11, 14, 17, 21]}",
15,30,congestion,congestion,3-4,1 6 11 16 18 23,False,no_improving_selective_move,,,0,14,9950.96913088016,9950.96913088016,9950.96913088016,9950.96913088016,0.0,0.0,0.0,1.0,1.0,"{0: [4, 5, 6, 20], 1: [0, 7, 9, 18], 2: [8, 10, 12, 19], 3: [1, 13, 15, 22], 4: [2, 3, 16, 23], 5: [11, 14, 17, 21]}",
16,34,congestion,congestion,1-2,2 7 8 12 18 19 21 23,False,no_improving_selective_move,,,0,23,10902.388659854072,10902.388659854072,10902.388659854072,10902.388659854072,0.0,0.0,0.0,0.75,0.75,"{0: [4, 5, 6, 20], 1: [0, 7, 9, 18], 2: [8, 10, 12, 19], 3: [1, 13, 15, 22], 4: [2, 3, 16, 23], 5: [11, 14, 17, 21]}",
17,38,congestion,congestion,3-4,21 23,False,no_improving_selective_move,,,0,1,12642.384725457487,12642.384725457487,12642.384725457487,12642.384725457487,0.0,0.0,0.0,1.0,1.0,"{0: [4, 5, 6, 20], 1: [0, 7, 9, 18], 2: [8, 10, 12, 19], 3: [1, 13, 15, 22], 4: [2, 3, 16, 23], 5: [11, 14, 17, 21]}",
18,39,congestion,congestion,3-4,2 3 14 17,False,no_improving_selective_move,,,0,4,10743.484898336905,10743.484898336905,10743.484898336905,10743.484898336905,0.0,0.0,0.0,1.0,1.0,"{0: [4, 5, 6, 20], 1: [0, 7, 9, 18], 2: [8, 10, 12, 19], 3: [1, 13, 15, 22], 4: [2, 3, 16, 23], 5: [11, 14, 17, 21]}",
19,40,congestion,congestion,0-2,6 8 9 11 14 17 18 19 20 23,False,no_improving_selective_move,,,0,39,10470.202106416451,10470.202106416451,10470.202106416451,10470.202106416451,0.0,0.0,0.0,0.6666666666666666,0.6666666666666666,"{0: [4, 5, 6, 20], 1: [0, 7, 9, 18], 2: [8, 10, 12, 19], 3: [1, 13, 15, 22], 4: [2, 3, 16, 23], 5: [11, 14, 17, 21]}",
20,41,congestion,congestion,3-4,1 2 3 7 12 22,False,no_improving_selective_move,,,0,13,11112.917729965657,11112.917729965657,11112.917729965657,11112.917729965657,0.0,0.0,0.0,1.0,1.0,"{0: [4, 5, 6, 20], 1: [0, 7, 9, 18], 2: [8, 10, 12, 19], 3: [1, 13, 15, 22], 4: [2, 3, 16, 23], 5: [11, 14, 17, 21]}",
21,43,congestion,congestion,3-4,3 12,False,no_improving_selective_move,,,0,1,11144.980802645237,11144.980802645237,11144.980802645237,11144.980802645237,0.0,0.0,0.0,1.0,1.0,"{0: [4, 5, 6, 20], 1: [0, 7, 9, 18], 2: [8, 10, 12, 19], 3: [1, 13, 15, 22], 4: [2, 3, 16, 23], 5: [11, 14, 17, 21]}",
22,44,congestion,congestion,3-4,3 11 15 23,False,no_improving_selective_move,,,0,5,9138.568767166826,9138.568767166826,9138.568767166826,9138.568767166826,0.0,0.0,0.0,0.75,0.75,"{0: [4, 5, 6, 20], 1: [0, 7, 9, 18], 2: [8, 10, 12, 19], 3: [1, 13, 15, 22], 4: [2, 3, 16, 23], 5: [11, 14, 17, 21]}",
23,45,congestion,congestion,3-4,16 21 22 23,False,no_improving_selective_move,,,0,5,9974.280956601007,9974.280956601007,9974.280956601007,9974.280956601007,0.0,0.0,0.0,1.0,1.0,"{0: [4, 5, 6, 20], 1: [0, 7, 9, 18], 2: [8, 10, 12, 19], 3: [1, 13, 15, 22], 4: [2, 3, 16, 23], 5: [11, 14, 17, 21]}",
