step,block_index,communications,communication_ids,qubo_variables,capacity_conflict_pairs,classical_method,classical_energy,classical_evaluations,qaoa_attempted,qaoa_feasible,qaoa_energy,qaoa_matches_classical_optimum,qaoa_evaluations,qaoa_run_seed,qaoa_feasible_sample_fraction,qaoa_onehot_sample_fraction,qaoa_optimized_expectation,executed_method,executed_energy,executed_raw_cost,keep_current_energy,routes_changed
1,0,3,s0001-w000-g006-q7_22|s0001-w000-g008-q9_15|s0001-w000-g010-q13_16,10,0,classical_exhaustive,1.5406264692017706,32,True,True,1.6033959816396102,False,60,2249856676,0.0947265625,0.0947265625,40.651616467275865,qaoa,1.6033959816396102,208.45674375050353,2.3462244397557614,2
2,0,3,s0002-w001-g002-q2_8|s0002-w001-g003-q3_15|s0002-w001-g007-q7_21,10,0,classical_exhaustive,3.729325984164163,32,True,True,4.1419191182346875,False,60,1008114256,0.091796875,0.091796875,187.04190726237812,qaoa,4.1419191182346875,267.4741023574092,7.811565796651693,2
2,1,1,s0002-w001-g008-q11_16,4,0,classical_exhaustive,0.6399768094996907,4,True,True,0.6399768094996907,True,60,3214110353,0.6962890625,0.6962890625,3.1614901048763535,qaoa,0.6399768094996907,151.81870772,0.6399768094996907,0
3,0,2,s0003-w002-g003-q3_11|s0003-w002-g010-q13_23,6,0,classical_exhaustive,1.083185216607858,8,True,True,1.083185216607858,True,60,372686576,0.1552734375,0.1552734375,12.665398795794498,qaoa,1.083185216607858,323.05820519348015,1.3047865058628376,1
4,0,3,s0004-w003-g010-q12_15|s0004-w003-g000-q0_17|s0004-w003-g002-q2_13,10,0,classical_exhaustive,0.9796767679778916,32,True,True,0.9796767679778916,True,60,3566538055,0.1005859375,0.1015625,42.903770820488155,qaoa,0.9796767679778916,239.61385207821377,2.499110982379345,2
4,1,2,s0004-w003-g004-q4_18|s0004-w003-g001-q1_11,7,0,classical_exhaustive,0.5784993784236601,12,True,True,0.5784993784236601,True,60,875739386,0.22265625,0.22265625,23.845538093110196,qaoa,0.5784993784236601,128.78496012448306,0.5784993784236601,0
5,0,3,s0005-w004-g002-q2_6|s0005-w004-g005-q7_14|s0005-w004-g010-q20_23,12,0,classical_exhaustive,1.4585971982227472,64,True,True,1.4585971982227472,True,60,3424232752,0.0234375,0.0234375,179.66488099755904,qaoa,1.4585971982227472,304.0166115380179,5.3850544411394425,2
5,1,3,s0005-w004-g006-q8_11|s0005-w004-g009-q13_17|s0005-w004-g011-q21_22,10,0,classical_exhaustive,1.1127012030797572,36,True,True,1.1127012030797572,True,60,1719369383,0.1240234375,0.1240234375,52.565292457058334,qaoa,1.1127012030797572,173.44490756370482,1.3910937627384568,1
6,0,3,s0006-w005-g002-q2_8|s0006-w005-g007-q12_22|s0006-w005-g000-q0_11,12,0,classical_exhaustive,1.7405403642682238,64,True,True,1.865169123548897,False,60,462498310,0.05859375,0.0693359375,103.56422720550225,qaoa,1.865169123548897,459.3275026843668,2.619586274926856,2
6,1,2,s0006-w005-g004-q4_7|s0006-w005-g011-q21_23,8,0,classical_exhaustive,0.7872771557252654,16,True,True,0.8732708413703889,False,60,441706184,0.091796875,0.091796875,50.648390113590665,qaoa,0.8732708413703889,291.42613766427365,0.8477629082637219,2
7,0,3,s0007-w006-g000-q0_5|s0007-w006-g006-q8_20|s0007-w006-g002-q2_14,11,6,classical_exhaustive,1.2429500707588983,48,True,True,1.479446653703108,False,60,3148731767,0.0146484375,0.0458984375,230.79526737136226,qaoa,1.479446653703108,451.2072256558557,2.520427119416955,2
7,1,2,s0007-w006-g003-q3_17|s0007-w006-g009-q11_16,8,0,classical_exhaustive,1.1998084265743483,16,True,True,1.1998084265743483,True,60,3237986391,0.2568359375,0.2568359375,20.48716856629533,qaoa,1.1998084265743483,556.3736821739941,1.2697469324333182,2
8,0,3,s0008-w007-g001-q1_12|s0008-w007-g003-q3_10|s0008-w007-g009-q14_18,12,0,classical_exhaustive,1.4728031386768576,64,True,True,2.685817694724256,False,39,2400628191,0.015625,0.0263671875,192.3764257755514,qaoa,2.685817694724256,538.7280050944971,3.214162368208584,2
9,0,4,s0009-w008-g000-q0_19|s0009-w008-g002-q3_12|s0009-w008-g005-q7_22|s0009-w008-g007-q9_10,6,0,classical_exhaustive,1.8047251248020497,3,True,True,1.8047251248020497,True,60,2505330826,0.259765625,0.259765625,12.534983840685554,qaoa,1.8047251248020497,341.11808758224134,1.8047251248020497,0
9,1,3,s0009-w008-g011-q18_20|s0009-w008-g006-q8_21|s0008-w007-g010-q17_23,12,6,classical_exhaustive,1.549278256466759,64,True,True,1.5559209148577788,False,60,2692382262,0.0185546875,0.02734375,211.3160362921446,qaoa,1.5559209148577788,574.0620973791225,2.7377124427756225,1
9,2,2,s0009-w008-g001-q1_2|s0009-w008-g009-q13_14,5,1,classical_exhaustive,0.636125448595851,6,True,True,0.636125448595851,True,60,3975385369,0.1806640625,0.2021484375,9.959635694470146,qaoa,0.636125448595851,211.73172857142856,0.636125448595851,0
10,0,3,s0010-w009-g010-q16_21|s0010-w009-g002-q2_13|s0010-w009-g005-q5_23,10,5,classical_exhaustive,1.5120159366908976,32,True,True,1.5120159366908976,True,60,2937908344,0.0185546875,0.076171875,102.4068459856731,qaoa,1.5120159366908976,408.45551289994705,1.9168852139969845,2
12,0,3,s0012-w011-g002-q2_17|s0012-w011-g003-q3_11|s0012-w011-g010-q15_23,10,0,classical_exhaustive,2.474039464612707,32,True,True,2.474039464612707,True,60,714128395,0.1328125,0.1328125,70.38705348672353,qaoa,2.474039464612707,334.79842799370624,7.426088151416618,2
13,0,3,s0013-w012-g002-q2_14|s0013-w012-g008-q15_18|s0013-w012-g009-q16_22,10,0,classical_exhaustive,1.8004863693545932,32,True,True,2.156948671841454,False,60,1670408061,0.046875,0.046875,132.7643092213537,qaoa,2.156948671841454,351.85155066808426,5.728967429007126,2
13,1,1,s0013-w012-g011-q21_23,4,0,classical_exhaustive,0.2777104465855099,4,True,True,0.2777104465855099,True,60,3899800361,0.30859375,0.30859375,6.464809315637918,qaoa,0.2777104465855099,72.20586388685714,0.2777104465855099,0
14,0,3,s0014-w013-g007-q10_15|s0014-w013-g001-q1_23|s0014-w013-g005-q6_18,10,0,classical_exhaustive,1.0388340549008146,32,True,True,1.3630027187322875,False,60,4262257251,0.09765625,0.1025390625,132.32173213129107,qaoa,1.3630027187322875,388.7375659839725,1.6625514077908077,2
14,1,2,s0014-w013-g008-q11_16|s0014-w013-g010-q17_22,7,0,classical_exhaustive,0.8031522997364942,12,True,True,0.8031522997364942,True,60,3382248230,0.3203125,0.3203125,30.60246257158873,qaoa,0.8031522997364942,296.2370117910909,1.0863570946031607,1
15,0,3,s0015-w014-g005-q5_12|s0015-w014-g011-q18_20|s0015-w014-g003-q3_10,11,6,classical_exhaustive,1.1452474697067507,48,True,True,1.4602584059605315,False,60,4268350117,0.013671875,0.0205078125,184.8727665225654,qaoa,1.4602584059605315,472.7274859292234,3.45994125383612,1
15,1,3,s0015-w014-g007-q9_19|s0015-w014-g006-q8_13|s0015-w014-g002-q2_17,10,5,classical_exhaustive,1.1019035096020817,32,True,True,1.1019035096020817,True,60,2340334014,0.041015625,0.0732421875,168.4145739531237,qaoa,1.1019035096020817,390.3986279036219,1.247489082705055,1
15,2,1,s0015-w014-g009-q14_15,3,0,classical_exhaustive,0.3728131007582757,3,True,True,0.3728131007582757,True,60,1534673416,0.6728515625,0.6728515625,2.617194788813938,qaoa,0.3728131007582757,106.15764285714286,0.3728131007582757,0
16,0,3,s0016-w015-g004-q4_19|s0016-w015-g005-q5_10|s0016-w015-g011-q12_20,9,0,classical_exhaustive,1.282024416699075,27,True,True,1.511823040978605,False,60,1807244597,0.0029296875,0.412109375,51.809135745865234,qaoa,1.511823040978605,286.250805349005,1.282024416699075,1
16,1,3,s0016-w015-g007-q7_22|s0016-w015-g009-q9_14|s0016-w015-g003-q3_15,10,5,classical_exhaustive,2.077077117036664,32,True,True,2.161843147803465,False,60,332324316,0.0966796875,0.1103515625,67.80525942177042,qaoa,2.161843147803465,526.2719804466369,2.308663154583314,1
17,0,3,s0017-w000-g000-q0_10|s0017-w000-g002-q2_19|s0017-w000-g004-q4_18,4,0,classical_exhaustive,1.252704264606915,2,True,True,1.252704264606915,True,60,1900548071,0.4560546875,0.4560546875,5.769150994712588,qaoa,1.252704264606915,206.8203387941,1.252704264606915,0
17,1,3,s0017-w000-g008-q9_15|s0017-w000-g010-q13_16|s0017-w000-g006-q7_22,10,3,classical_exhaustive,5.184489341151126,32,True,True,5.184489341151126,True,60,1176227383,0.0224609375,0.02734375,334.8204833003506,qaoa,5.184489341151126,431.46396877927936,5.999073668237338,3
18,0,4,s0018-w001-g002-q2_8|s0018-w001-g009-q12_18|s0018-w001-g011-q19_23|s0018-w001-g003-q3_15,10,13,classical_exhaustive,7.560076307880955,36,True,True,7.560076307880955,True,60,4263129048,0.0263671875,0.0791015625,158.15053529902386,qaoa,7.560076307880955,369.14339254140003,7.560076307880955,0
18,1,2,s0018-w001-g007-q7_21|s0018-w001-g008-q11_16,8,0,classical_exhaustive,1.2499683828863173,16,True,True,1.2499683828863173,True,60,2475972418,0.392578125,0.392578125,14.622716389093156,qaoa,1.2499683828863173,376.61767204504486,2.009098437836988,1
19,0,2,s0019-w002-g003-q3_11|s0019-w002-g010-q13_23,6,0,classical_exhaustive,1.3432051937852485,8,True,True,1.3432051937852485,True,60,705354234,0.2041015625,0.2041015625,32.164881296342394,qaoa,1.3432051937852485,275.89299716346574,2.2023055346047427,1
20,0,3,s0020-w003-g010-q12_15|s0020-w003-g000-q0_17|s0020-w003-g002-q2_13,10,0,classical_exhaustive,1.7681531158146724,32,True,True,1.8905150684755296,False,60,1360171142,0.181640625,0.181640625,40.04774871100503,qaoa,1.8905150684755296,366.7891430085852,2.5244796925195363,2
21,0,3,s0021-w004-g002-q2_6|s0021-w004-g005-q7_14|s0021-w004-g010-q20_23,12,0,classical_exhaustive,2.0468518821560036,64,True,True,2.0468518821560036,True,60,3540764326,0.0966796875,0.0966796875,79.70627488887153,qaoa,2.0468518821560036,437.9707685487423,4.593152989859865,2
21,1,3,s0021-w004-g006-q8_11|s0021-w004-g009-q13_17|s0021-w004-g011-q21_22,10,0,classical_exhaustive,1.0165538013213449,36,True,True,1.289417148413458,False,60,3131734160,0.1318359375,0.1318359375,58.54769747439256,qaoa,1.289417148413458,226.28335749976188,1.2495185099567885,2
22,0,4,s0022-w005-g004-q4_7|s0022-w005-g006-q9_10|s0022-w005-g010-q18_19|s0022-w005-g011-q21_23,5,1,classical_exhaustive,2.2848548666672617,2,True,True,2.2848548666672617,True,60,3834331359,0.0029296875,0.005859375,13.196750559666459,qaoa,2.2848548666672617,513.3332532565995,2.2848548666672617,0
22,1,3,s0022-w005-g002-q2_8|s0022-w005-g007-q12_22|s0022-w005-g000-q0_11,12,0,classical_exhaustive,1.660928016998053,64,True,True,1.7794367312318444,False,60,2892765101,0.013671875,0.015625,203.23417220210956,qaoa,1.7794367312318444,602.768161289661,2.873655466580385,2
22,2,1,s0022-w005-g009-q14_15,3,0,classical_exhaustive,0.1314970934254698,3,True,True,0.1314970934254698,True,60,3201617342,0.6259765625,0.6259765625,2.6982181365432014,qaoa,0.1314970934254698,42.52275714285713,0.1314970934254698,0
23,0,3,s0023-w006-g009-q11_16|s0023-w006-g010-q12_21|s0023-w006-g002-q2_14,12,9,classical_exhaustive,1.7299756463783655,64,True,True,2.08651623251708,False,60,2345639748,0.01171875,0.0244140625,417.07286859292833,qaoa,2.08651623251708,488.729281714732,3.29319859145306,3
23,1,1,s0023-w006-g003-q3_17,4,0,classical_exhaustive,0.4695826424475979,4,True,True,0.4695826424475979,True,60,1417512760,0.1328125,0.1328125,9.476412697948897,qaoa,0.4695826424475979,202.23981778145713,0.4695826424475979,0
24,0,3,s0024-w007-g001-q1_12|s0024-w007-g007-q11_19|s0024-w007-g011-q21_22,10,0,classical_exhaustive,1.446249379373044,36,True,True,1.8329752546011058,False,60,1894430171,0.01953125,0.01953125,114.68234267436424,qaoa,1.8329752546011058,380.5306168156939,2.6240218993907134,2
25,0,4,s0025-w008-g000-q0_19|s0025-w008-g002-q3_12|s0025-w008-g005-q7_22|s0025-w008-g007-q9_10,6,0,classical_exhaustive,13.551940624679041,3,True,True,13.551940624679041,True,60,842657513,0.162109375,0.162109375,80.12171146288698,qaoa,13.551940624679041,281.79363341782954,13.871429610043155,1
25,1,3,s0025-w008-g011-q18_20|s0025-w008-g006-q8_21|s0024-w007-g010-q17_23,12,6,classical_exhaustive,1.781179567503945,64,True,True,1.781179567503945,True,38,1574225570,0.0419921875,0.0595703125,135.79192614054412,qaoa,1.781179567503945,738.0387973460845,2.0424538256044933,2
25,2,2,s0025-w008-g001-q1_2|s0025-w008-g009-q13_14,5,1,classical_exhaustive,0.8616667941652947,6,True,True,0.8616667941652947,True,60,1776866002,0.5703125,0.57421875,5.17092049028836,qaoa,0.8616667941652947,299.8118285714286,0.8616667941652947,0
26,0,3,s0026-w009-g010-q16_21|s0026-w009-g002-q2_13|s0026-w009-g005-q5_23,10,0,classical_exhaustive,2.098307400361789,32,True,True,2.3629021749264534,False,60,1455913306,0.0107421875,0.03125,86.3259558380892,qaoa,2.3629021749264534,447.48451822686116,2.3589499552521,2
27,0,1,s0027-w010-g002-q2_17,4,0,classical_exhaustive,0.6500582974566972,4,True,True,0.6500582974566972,True,60,3975720248,0.837890625,0.837890625,2.3816367616083856,qaoa,0.6500582974566972,146.3311747100824,0.8970279928476607,1
28,0,3,s0028-w011-g002-q2_17|s0028-w011-g003-q3_11|s0028-w011-g010-q15_23,10,0,classical_exhaustive,2.436084098702178,32,True,True,3.8538502412863047,False,60,4046983132,0.0576171875,0.0576171875,134.34423329839427,qaoa,3.8538502412863047,275.6228417556372,7.4810355573828025,2
28,1,1,s0028-w011-g011-q16_20,4,0,classical_exhaustive,0.4301167577817843,4,True,True,0.4301167577817843,True,60,802198742,0.2412109375,0.2412109375,6.341327212907882,qaoa,0.4301167577817843,115.0156463690712,0.55676847946314,1
29,0,4,s0029-w012-g003-q3_9|s0029-w012-g008-q15_18|s0029-w012-g009-q16_22|s0029-w012-g011-q21_23,10,9,classical_exhaustive,2.0104446440337997,36,True,True,2.0104446440337997,True,60,3067301459,0.0380859375,0.05078125,113.00503537457325,qaoa,2.0104446440337997,422.58832907618785,2.9031749640344113,2
29,1,1,s0029-w012-g002-q2_14,4,0,classical_exhaustive,0.4098903931031286,4,True,True,0.4098903931031286,True,60,3776282826,0.443359375,0.443359375,6.547473273030496,qaoa,0.4098903931031286,139.89871072550298,0.6062140251238559,1
30,0,4,s0030-w013-g000-q0_8|s0030-w013-g005-q6_18|s0030-w013-g007-q10_15|s0030-w013-g001-q1_23,10,0,classical_exhaustive,2.63084108838227,36,True,True,2.63084108838227,True,60,580400340,0.0537109375,0.0556640625,111.60751163992026,qaoa,2.63084108838227,434.4484953023858,3.913892585480044,2
30,1,1,s0030-w013-g008-q11_16,4,0,classical_exhaustive,0.5182467663039936,4,True,True,0.5182467663039936,True,60,221025830,0.4833984375,0.4833984375,5.011792523768834,qaoa,0.5182467663039936,204.5276910295714,0.5182467663039936,0
31,0,1,s0031-w014-g002-q2_17,4,0,classical_exhaustive,0.4847382076215929,4,True,True,0.4847382076215929,True,60,1339848357,0.2529296875,0.2529296875,7.2628714799486085,qaoa,0.4847382076215929,126.31459173000626,0.8004254266957099,1
32,0,3,s0032-w015-g003-q3_15|s0032-w015-g007-q7_22|s0032-w015-g009-q9_14,10,0,classical_exhaustive,1.6247820989391777,32,True,True,1.6247820989391777,True,60,2035851883,0.048828125,0.048828125,96.06820188669062,qaoa,1.6247820989391777,221.17327080005396,5.782748549876914,2
33,0,3,s0033-w000-g006-q7_22|s0033-w000-g008-q9_15|s0033-w000-g010-q13_16,10,0,classical_exhaustive,1.808153802416261,32,True,True,1.808153802416261,True,60,2700200243,0.1845703125,0.1845703125,29.032793010164667,qaoa,1.808153802416261,372.10398828870444,4.2662754332664825,2
34,0,4,s0034-w001-g002-q2_8|s0034-w001-g009-q12_18|s0034-w001-g011-q19_23|s0034-w001-g003-q3_15,10,13,classical_exhaustive,1.9390803097536107,36,True,True,1.9390803097536107,True,35,2440024798,0.009765625,0.05078125,174.62445765107196,qaoa,1.9390803097536107,353.72497814900004,1.9390803097536107,0
34,1,2,s0034-w001-g007-q7_21|s0034-w001-g008-q11_16,8,0,classical_exhaustive,1.5348324440415162,16,True,True,1.5348324440415162,True,60,11379004,0.1015625,0.1015625,36.21040297816741,qaoa,1.5348324440415162,355.8302164735347,2.4480083889874167,1
35,0,2,s0035-w002-g003-q3_11|s0035-w002-g010-q13_23,6,0,classical_exhaustive,1.2869516042743059,8,True,True,1.2869516042743059,True,58,39036775,0.29296875,0.29296875,37.82664635022264,qaoa,1.2869516042743059,189.71922875315016,2.8838683042874953,1
37,0,3,s0037-w004-g002-q2_6|s0037-w004-g005-q7_14|s0037-w004-g006-q8_11,12,0,classical_exhaustive,1.5662274675225913,64,True,True,1.566780822515716,False,60,3117638206,0.01953125,0.0263671875,133.83603406154873,qaoa,1.566780822515716,416.9690366149741,2.996257636620765,2
37,1,2,s0037-w004-g009-q13_17|s0037-w004-g011-q21_22,6,0,classical_exhaustive,0.5120394871544907,9,True,True,0.5120394871544907,True,60,383921016,0.2373046875,0.2373046875,20.501116138024585,qaoa,0.5120394871544907,114.30192492165715,2.015904939277405,1
38,0,4,s0038-w005-g002-q2_8|s0038-w005-g004-q4_7|s0038-w005-g006-q9_10|s0038-w005-g010-q18_19,5,0,classical_exhaustive,1.6351113510844528,2,True,True,1.6351113510844528,True,60,882774873,0.6015625,0.6015625,5.01191329928168,qaoa,1.6351113510844528,222.93172266089582,1.6351113510844528,0
38,1,3,s0038-w005-g011-q21_23|s0038-w005-g007-q12_22|s0038-w005-g000-q0_11,12,8,classical_exhaustive,1.517015527587861,64,True,True,1.7662499856405154,False,60,2046153859,0.0263671875,0.05078125,162.4057067350338,qaoa,1.7662499856405154,475.25269918242645,4.304134570049895,3
38,2,1,s0038-w005-g009-q14_15,3,0,classical_exhaustive,0.30777990054964144,3,True,True,0.30777990054964144,True,60,3457346929,0.751953125,0.751953125,2.7958945156109145,qaoa,0.30777990054964144,41.97025714285714,0.30777990054964144,0
39,0,3,s0039-w006-g009-q11_16|s0039-w006-g010-q12_21|s0039-w006-g002-q2_14,12,4,classical_exhaustive,2.383410314863965,64,True,True,2.38406187625698,False,60,2489701071,0.056640625,0.0712890625,194.73850420142395,qaoa,2.38406187625698,530.4790876615737,7.877614356079062,2
39,1,1,s0039-w006-g003-q3_17,4,0,classical_exhaustive,0.7210926052490997,4,True,True,0.7210926052490997,True,60,1243111170,0.4404296875,0.4404296875,5.362020606421947,qaoa,0.7210926052490997,209.09921003305712,0.7210926052490997,0
40,0,3,s0040-w007-g001-q1_12|s0040-w007-g007-q11_19|s0040-w007-g010-q17_23,9,0,classical_exhaustive,1.6363825289520002,24,True,True,1.6363825289520002,True,60,320912598,0.072265625,0.072265625,63.43740051235591,qaoa,1.6363825289520002,282.2048397439313,6.906093866544989,2
40,1,2,s0040-w007-g009-q14_18|s0040-w007-g011-q21_22,7,0,classical_exhaustive,0.8287776730802195,12,True,True,0.8287776730802195,True,60,2691022145,0.216796875,0.216796875,13.43497042751229,qaoa,0.8287776730802195,235.00672932738192,1.155775907451162,1
41,0,4,s0041-w008-g000-q0_19|s0041-w008-g002-q3_12|s0041-w008-g005-q7_22|s0041-w008-g007-q9_10,10,0,classical_exhaustive,4.403627089132034,36,True,True,4.403627089132034,True,60,1367151946,0.0615234375,0.068359375,113.92654385109661,qaoa,4.403627089132034,411.90550687631423,13.310944229432579,2
41,1,2,s0041-w008-g011-q18_20|s0041-w008-g006-q8_21,6,0,classical_exhaustive,1.362787433151755,8,True,True,1.362787433151755,True,60,2251792279,0.1708984375,0.1708984375,37.75631607054629,qaoa,1.362787433151755,225.29055040823397,1.362787433151755,0
42,0,1,s0042-w009-g002-q2_13,2,0,classical_exhaustive,0.6169877619965138,2,True,True,0.6169877619965138,True,60,470015835,0.955078125,0.955078125,1.070630135311525,qaoa,0.6169877619965138,105.4272285421685,1.0,1
43,0,4,s0043-w010-g003-q3_12|s0043-w010-g007-q7_16|s0043-w010-g009-q9_23|s0043-w010-g002-q2_17,10,0,classical_exhaustive,1.9016084892514882,36,True,True,3.9773284291952278,False,60,4194703305,0.037109375,0.0673828125,81.57178775708064,qaoa,3.9773284291952278,354.1640525629838,1.9016084892514882,2
44,0,3,s0044-w011-g002-q2_17|s0044-w011-g003-q3_11|s0044-w011-g010-q15_23,10,3,classical_exhaustive,2.1178744707182346,32,True,True,2.1178744707182346,True,60,3369453341,0.060546875,0.064453125,124.53816072428435,qaoa,2.1178744707182346,326.10645552600215,4.121535979620912,1
45,0,3,s0045-w012-g006-q8_11|s0045-w012-g011-q21_23|s0045-w012-g002-q2_14,12,8,classical_exhaustive,1.8547842502943848,64,True,True,1.8558933618577729,False,60,1796048179,0.0361328125,0.0380859375,89.77346335646394,qaoa,1.8558933618577729,419.7201510870602,3.1821114960592003,2
45,1,2,s0045-w012-g008-q15_18|s0045-w012-g009-q16_22,6,0,classical_exhaustive,1.1323982131570696,8,True,True,1.1323982131570696,True,60,1789572676,0.197265625,0.197265625,11.921510788626827,qaoa,1.1323982131570696,242.39092622394173,1.7093661108101077,1
46,0,2,s0046-w013-g001-q1_23|s0046-w013-g008-q11_16,6,0,classical_exhaustive,0.9729661158100013,8,True,True,0.9729661158100013,True,60,4040614705,0.2490234375,0.2490234375,37.69895392252691,qaoa,0.9729661158100013,186.13052383073475,2.270321590823642,1
47,0,3,s0047-w014-g003-q3_10|s0047-w014-g007-q9_19|s0047-w014-g011-q18_20,10,0,classical_exhaustive,1.4104206442843101,32,True,True,1.4561493414807813,False,60,3511028283,0.0341796875,0.0341796875,182.85562262305876,qaoa,1.4561493414807813,189.56076527454346,1.5120064881002255,1
48,0,2,s0048-w015-g003-q3_15|s0048-w015-g007-q7_22,6,0,classical_exhaustive,1.3235025966936487,8,True,True,1.3235025966936487,True,60,1474158996,0.126953125,0.126953125,22.654386566518333,qaoa,1.3235025966936487,204.99993853376924,2.2098979688773523,1
49,0,3,s0049-w000-g006-q7_22|s0049-w000-g008-q9_15|s0049-w000-g010-q13_16,10,0,classical_exhaustive,1.620106805730197,32,True,True,1.620106805730197,True,60,3697338094,0.0927734375,0.0927734375,188.41022889254924,qaoa,1.620106805730197,207.04388531219075,2.1416024738565262,1
50,0,3,s0050-w001-g003-q3_15|s0050-w001-g007-q7_21|s0050-w001-g008-q11_16,10,0,classical_exhaustive,1.710680947947165,32,True,True,1.710680947947165,True,60,3341568061,0.1728515625,0.1728515625,29.13200793129092,qaoa,1.710680947947165,274.34155335487793,2.22775858916772,1
