step,block_index,communication_id,qubit_u,qubit_v,source_qpu,destination_qpu,old_path,new_path,old_hops,new_hops,old_latency,new_latency,old_fidelity,new_fidelity,old_cost,new_cost,method
2,0,s0002-w001-g004-q4_11,4,11,6,3,6-7-5-3,6-4-5-3,3,3,44.007999999999996,69.731,0.8457046661854456,0.8792830991488908,150.5754644159382,108.1915789739998,classical_exhaustive
3,0,s0003-w002-g002-q2_23,2,23,2,5,2-0-5,2-7-5,2,2,43.855000000000004,41.228,0.95407692354,0.857472714076,159.10520238284212,79.61865962688276,classical_exhaustive
3,1,s0003-w002-g005-q5_11,5,11,7,3,7-5-3,7-5-0-3,2,3,39.568,62.108000000000004,0.847405036976,0.8271604369285137,242.56695990393257,108.5298873416314,classical_exhaustive
3,0,s0003-w002-g008-q9_28,9,28,0,6,0-5-7-6,0-2-1-6,3,3,40.845,63.005,0.8739455274948407,0.8833765061486669,301.4676886298263,102.60852585572154,classical_exhaustive
3,1,s0003-w002-g009-q10_29,10,29,0,7,0-5-7,0-2-7,2,2,35.252,49.831,0.8928963598359999,0.91622607714,228.97960539571037,81.14956875658822,classical_exhaustive
3,2,s0003-w002-g013-q15_31,15,31,3,7,3-5-7,3-0-2-7,2,3,39.568,76.687,0.847405036976,0.8487725971148761,242.56695990393257,119.75091675910062,classical_exhaustive
4,0,s0004-w003-g001-q1_16,1,16,1,4,1-4,1-6-4,1,2,22.674,46.776,0.930875,0.882949871928,147.84046825396828,79.81434614053333,classical_exhaustive
4,1,s0004-w003-g012-q15_19,15,19,3,1,3-5-4-1,3-0-2-1,3,3,66.917,71.883,0.851670623018391,0.8905581187414413,271.54160436482755,190.9448351846794,classical_exhaustive
4,0,s0004-w003-g014-q20_23,20,23,2,5,2-0-5,2-7-5,2,2,42.649,39.417,0.953382625637,0.85719457159,150.42838449512354,80.19179571456323,classical_exhaustive
5,0,s0005-w004-g003-q3_20,3,20,5,2,5-0-2,5-7-2,2,2,42.46,41.823,0.956819286208,0.85522418647,223.85026389256896,170.0074779047241,classical_exhaustive
5,2,s0005-w004-g012-q18_19,18,19,3,1,3-5-4-1,3-0-2-1,3,3,63.513,74.064,0.8462817656254483,0.8917985990262096,179.71815677078848,341.1809315412293,classical_exhaustive
5,1,s0005-w004-g013-q24_30,24,30,6,0,6-7-5-0,6-1-2-0,3,3,39.36,65.315,0.8741847127172185,0.889374160839434,364.9587701075884,249.71982990536142,classical_exhaustive
5,3,s0005-w004-g014-q26_27,26,27,4,7,4-6-7,4-5-7,2,2,40.446,41.013,0.928835231276,0.902065503674,270.0624768724,164.51334618432412,classical_exhaustive
6,0,s0006-w005-g007-q10_19,10,19,0,1,0-2-1,0-5-4-1,2,3,44.236999999999995,63.653999999999996,0.96384928336,0.8938131173576325,217.13420332544197,234.8701725409663,classical_exhaustive
6,0,s0006-w005-g012-q16_20,16,20,4,2,4-1-2,4-5-7-2,2,3,38.679,66.277,0.912553946936,0.8350571596716774,221.25119151329656,174.5988702397288,classical_exhaustive
6,1,s0006-w005-g015-q25_31,25,31,4,7,4-6-7,4-5-7,2,2,39.182,41.957,0.929886404452,0.900852741341,239.94335955480003,138.69931207279654,classical_exhaustive
7,0,s0007-w006-g010-q12_17,12,17,2,3,2-0-3,2-7-5-3,2,3,50.527,60.980000000000004,0.914509646981,0.8008196886049505,148.85544706660588,105.3233184958268,classical_exhaustive
7,1,s0007-w006-g013-q16_28,16,28,4,6,4-6,4-5-7-6,1,3,35.291,47.791000000000004,0.954543,0.8815838095388276,158.58670000000004,87.39123973577242,classical_exhaustive
7,2,s0007-w006-g015-q26_27,26,27,4,7,4-6-7,4-1-2-7,2,3,40.888999999999996,67.392,0.934468006167,0.8465888302128732,171.19219938330002,109.80208249595405,classical_exhaustive
8,0,s0008-w007-g002-q2_16,2,16,2,4,2-1-4,2-0-5-4,2,3,37.784,63.93,0.900628864328,0.9422002095699221,166.47973425685518,97.65115551359602,classical_exhaustive
8,1,s0008-w007-g007-q7_31,7,31,1,7,1-6-7,1-2-7,2,2,21.046,50.566,0.905032087876,0.91580576564,182.62612454573335,81.74404412565517,classical_exhaustive
9,1,s0009-w008-g003-q3_4,3,4,5,6,5-7-6,5-4-6,2,2,22.046,58.861000000000004,0.903501788805,0.93936016986,185.83375215398277,82.72372515236479,classical_exhaustive
9,0,s0009-w008-g007-q9_14,9,14,0,1,0-2-1,0-5-4-1,2,3,40.774,60.062,0.960191126368,0.8885925232590028,130.28429912790588,95.33482314579783,classical_exhaustive
9,1,s0009-w008-g013-q19_27,19,27,1,7,1-6-7,1-2-7,2,2,19.573999999999998,45.641,0.909680282469,0.917911698152,180.68930508643334,74.60845087445517,classical_exhaustive
10,0,s0010-w009-g010-q14_31,14,31,1,7,1-6-7,1-2-7,2,2,19.576,49.972,0.913310953724,0.92012610432,137.74490462760002,76.61142718555487,classical_exhaustive
11,0,s0011-w010-g011-q12_13,12,13,2,5,2-0-5,2-7-5,2,2,40.934,46.282,0.965804564832,0.8667444729970001,140.84477158697544,78.15012124286852,classical_exhaustive
12,0,s0012-w011-g011-q14_31,14,31,1,7,1-6-7,1-2-7,2,2,20.304,45.909,0.911256076522,0.9202628014559999,137.9283923478,70.71657565377305,classical_exhaustive
12,0,s0012-w011-g014-q20_24,20,24,2,6,2-7-6,2-1-6,2,2,33.312,32.900999999999996,0.929166345756,0.9025241536719999,149.14536542439998,58.0278949776276,classical_exhaustive
13,0,s0013-w012-g001-q1_5,1,5,1,7,1-6-7,1-2-7,2,2,20.616,46.134,0.907088710157,0.9200800529150001,138.74046231763336,77.57427057056897,classical_exhaustive
14,1,s0014-w013-g005-q5_6,5,6,7,6,7-6,7-5-4-6,1,3,4.556,77.923,0.987887,0.8676345689979469,109.5173,197.9181637898605,classical_exhaustive
14,1,s0014-w013-g010-q12_22,12,22,2,4,2-1-4,2-7-5-4,2,3,41.156,63.168,0.9088419004489999,0.8532325946902158,136.40974098958276,184.6033612206336,classical_exhaustive
14,0,s0014-w013-g011-q13_20,13,20,5,2,5-0-2,5-7-2,2,2,39.431,42.647,0.96242826296,0.86551599773,128.7175854687059,75.00786707050133,classical_exhaustive
15,2,s0015-w014-g000-q0_16,0,16,0,4,0-5-4,0-3-5-4,2,3,32.774,62.197,0.964508632352,0.8645921682477945,120.58728770819623,199.75665109974886,classical_exhaustive
15,2,s0015-w014-g001-q1_13,1,13,1,5,1-4-5,1-2-0-5,2,3,42.2,57.439,0.9142846721760001,0.9433338441594057,135.03568372579622,154.24354661854218,classical_exhaustive
15,3,s0015-w014-g006-q6_15,6,15,6,3,6-7-5-3,6-4-5-3,3,3,39.07,75.818,0.841170235110168,0.8887434072151665,214.09090752346597,210.96252720301166,classical_exhaustive
15,3,s0015-w014-g010-q11_26,11,26,3,4,3-5-4,3-0-2-1-4,2,4,36.358000000000004,92.704,0.924449338464,0.8363131339189795,128.4130661536,205.2106176425848,classical_exhaustive
15,0,s0015-w014-g011-q12_25,12,25,2,4,2-1-4,2-7-5-4,2,3,44.161,65.72800000000001,0.904055859213,0.8454921429224961,157.58300028559654,207.00637191464693,classical_exhaustive
15,0,s0015-w014-g012-q14_30,14,30,1,0,1-2-0,1-4-5-0,2,3,45.519999999999996,54.119,0.964165606248,0.8945306375489654,152.93102558209654,188.68480416963178,classical_exhaustive
15,1,s0015-w014-g015-q27_28,27,28,7,6,7-2-1-6,7-5-4-6,3,3,63.722,78.783,0.8446290048203076,0.860540793841664,248.0866857248658,218.55650682273014,classical_exhaustive
17,0,s0017-w000-g009-q10_11,10,11,0,3,0-3,0-5-3,1,2,25.404,27.098,0.936474,0.918515789752,130.03702328042328,120.9964210248,classical_exhaustive
18,0,s0018-w001-g004-q4_11,4,11,6,3,6-7-5-3,6-4-5-3,3,3,40.726,77.072,0.8232452724208892,0.8774873303460213,174.34974861998003,114.82326696539786,classical_exhaustive
19,0,s0019-w002-g002-q2_23,2,23,2,5,2-0-5,2-7-5,2,2,39.53,44.694,0.959318957448,0.842652169151,140.0893323253754,83.79748335015199,classical_exhaustive
19,1,s0019-w002-g005-q5_11,5,11,7,3,7-5-3,7-5-0-3,2,3,37.621,57.397,0.8345031331780001,0.8119220893581826,220.99562036920264,104.57349132943372,classical_exhaustive
19,0,s0019-w002-g008-q9_28,9,28,0,6,0-5-7-6,0-2-1-6,3,3,38.791,64.298,0.8538787923684251,0.8900724044869982,303.72805445016013,103.23193602188842,classical_exhaustive
19,1,s0019-w002-g009-q10_29,10,29,0,7,0-5-7,0-2-7,2,2,34.371,49.853,0.867286169259,0.932070900072,208.80065009443598,79.58708646338823,classical_exhaustive
19,2,s0019-w002-g013-q15_31,15,31,3,7,3-5-7,3-0-2-7,2,3,37.621,72.879,0.8345031331780001,0.8725712220950038,220.99562036920264,113.56305426108786,classical_exhaustive
20,0,s0020-w003-g001-q1_16,1,16,1,4,1-4,1-6-4,1,2,22.816,45.579,0.926146,0.8749944516,128.21727301587302,77.41288817333333,classical_exhaustive
20,1,s0020-w003-g012-q15_19,15,19,3,1,3-5-4-1,3-0-2-1,3,3,65.251,73.367,0.8453435611195456,0.9129758448822749,250.27021531661688,190.18706257059605,classical_exhaustive
20,0,s0020-w003-g014-q20_23,20,23,2,5,2-0-5,2-7-5,2,2,42.501,40.754999999999995,0.9597116349120001,0.85232605939,149.6474835676235,81.11921103712733,classical_exhaustive
21,1,s0021-w004-g001-q1_15,1,15,1,3,1-4-5-3,1-2-0-3,3,3,61.091,72.925,0.8531143220717686,0.9086210955213088,182.4210772267854,244.5341548156852,classical_exhaustive
21,0,s0021-w004-g003-q3_20,3,20,5,2,5-0-2,5-7-2,2,2,39.586,45.504000000000005,0.958860998592,0.8538485941919999,146.81754719962353,164.01834482483184,classical_exhaustive
21,3,s0021-w004-g005-q5_16,5,16,7,4,7-6-4,7-2-1-4,2,3,31.085,70.876,0.9412120310040001,0.8604816661873264,258.63046356626666,187.29909774908344,classical_exhaustive
21,0,s0021-w004-g009-q11_12,11,12,3,2,3-0-2,3-5-7-2,2,3,51.714,64.724,0.924291534192,0.803307588204587,162.40249363962351,193.2924454235731,classical_exhaustive
22,1,s0022-w005-g005-q6_8,6,8,6,5,6-7-5,6-4-5,2,2,20.916,50.771,0.8881715995520001,0.940805964868,152.23677107928276,233.34563507409194,classical_exhaustive
22,0,s0022-w005-g007-q10_19,10,19,0,1,0-2-1,0-5-4-1,2,3,46.07899999999999,53.856,0.9674624934300001,0.8816194612323203,166.38255908611876,177.34928543765992,classical_exhaustive
22,0,s0022-w005-g010-q14_22,14,22,1,4,1-4,1-6-4,1,2,18.711,42.256,0.921422,0.880220009977,124.58467301587302,149.23399900229995,classical_exhaustive
22,0,s0022-w005-g012-q16_20,16,20,4,2,4-1-2,4-5-0-2,2,3,40.024,59.911,0.903796118562,0.9437236393284234,243.8370537157759,177.1938676280496,classical_exhaustive
22,1,s0022-w005-g015-q25_31,25,31,4,7,4-6-7,4-5-7,2,2,32.077,39.61,0.941131094288,0.887864765872,155.63055723786667,158.5978180836464,classical_exhaustive
23,1,s0023-w006-g001-q1_29,1,29,1,7,1-6-7,1-2-7,2,2,17.808,51.274,0.910035358674,0.924496074884,110.8044641326,80.67392229216426,classical_exhaustive
23,2,s0023-w006-g006-q6_22,6,22,6,4,6-4,6-7-5-4,1,3,31.477,43.68,0.952753,0.8702863440471132,183.70170000000002,168.73600509372127,classical_exhaustive
23,0,s0023-w006-g010-q12_17,12,17,2,3,2-0-3,2-7-5-3,2,3,44.083,65.93,0.92219606528,0.7925385720441727,201.64280523670587,114.2153277485608,classical_exhaustive
23,1,s0023-w006-g012-q15_21,15,21,3,2,3-0-2,3-5-0-2,2,3,44.083,52.689,0.92219606528,0.893021433824256,201.64280523670587,91.32803308816263,classical_exhaustive
23,3,s0023-w006-g014-q24_25,24,25,6,4,6-4,6-7-5-4,1,3,31.477,43.68,0.952753,0.8702863440471132,183.70170000000002,168.73600509372127,classical_exhaustive
23,2,s0023-w006-g015-q26_27,26,27,4,7,4-5-7,4-1-2-7,2,3,38.952,74.655,0.881703522966,0.8533385364962534,141.60497531918043,117.07976704002984,classical_exhaustive
24,0,s0024-w007-g002-q2_16,2,16,2,4,2-1-4,2-0-5-4,2,3,45.775999999999996,54.185,0.910133051038,0.9263812416627935,152.23395926401608,90.3971432133998,classical_exhaustive
24,1,s0024-w007-g004-q4_11,4,11,6,3,6-7-5-3,6-4-5-3,3,3,41.567,77.547,0.8275764328090863,0.8585134074531201,217.94728775357413,119.86890110717512,classical_exhaustive
24,1,s0024-w007-g006-q6_18,6,18,6,3,6-7-5-3,6-7-5-0-3,3,4,41.567,55.911,0.8275764328090863,0.806931769256293,217.94728775357413,171.35575410885346,classical_exhaustive
24,2,s0024-w007-g007-q7_31,7,31,1,7,1-6-7,1-4-5-7,2,3,19.295,62.67,0.907537361964,0.8175114709446561,180.62459713693335,110.96587484910805,classical_exhaustive
25,1,s0025-w008-g003-q3_4,3,4,5,6,5-7-6,5-4-6,2,2,21.771,53.682,0.894973309358,0.93406931272,152.41160009868275,82.16186118083019,classical_exhaustive
25,0,s0025-w008-g007-q9_14,9,14,0,1,0-2-1,0-5-4-1,2,3,40.125,57.156000000000006,0.95890281432,0.8830089087716322,129.7641303327059,95.74190157566697,classical_exhaustive
25,0,s0025-w008-g009-q11_20,11,20,3,2,3-0-2,3-5-7-2,2,3,43.574,68.25,0.9004581987720001,0.7864368367292868,139.05759188750588,117.83515645246318,classical_exhaustive
25,1,s0025-w008-g013-q19_27,19,27,1,7,1-6-7,1-2-7,2,2,19.107,51.343,0.909149060112,0.9203553661599999,145.85876065546665,81.15699316456428,classical_exhaustive
26,0,s0026-w009-g002-q2_4,2,4,2,6,2-1-6,2-7-6,2,2,34.65,37.083,0.9188965668,0.919266779587,196.09367665333335,67.9701748551528,classical_exhaustive
26,1,s0026-w009-g010-q14_31,14,31,1,7,1-6-7,1-2-7,2,2,18.983999999999998,52.748999999999995,0.912818584353,0.9253876971999999,181.03547489803336,83.87794187874609,classical_exhaustive
26,1,s0026-w009-g012-q16_30,16,30,4,0,4-5-0,4-1-2-0,2,3,32.567,68.075,0.95338089936,0.8958756019699056,121.49306100739622,106.24606049266463,classical_exhaustive
28,0,s0028-w011-g011-q14_31,14,31,1,7,1-6-7,1-2-7,2,2,21.188000000000002,51.111999999999995,0.916198016184,0.902236305178,112.81819838160001,82.53587906074405,classical_exhaustive
28,0,s0028-w011-g014-q20_24,20,24,2,6,2-7-6,2-1-6,2,2,35.400999999999996,36.899,0.9165200673459999,0.901919273112,126.9989932654,68.35458226734406,classical_exhaustive
29,0,s0029-w012-g003-q3_28,3,28,5,6,5-7-6,5-4-6,2,2,19.735,48.977000000000004,0.897535842867,0.9372071465640001,113.36072605812758,139.52043628699622,classical_exhaustive
30,2,s0030-w013-g005-q5_6,5,6,7,6,7-6,7-2-1-6,1,3,4.962,64.224,0.984432,0.8478538123485404,84.7688,181.90988313296205,classical_exhaustive
30,0,s0030-w013-g011-q13_20,13,20,5,2,5-0-2,5-7-2,2,2,30.439999999999998,44.632,0.94043089465,0.849643144617,201.35489372827732,76.50154133767305,classical_exhaustive
31,2,s0031-w014-g004-q4_18,4,18,6,3,6-7-5-3,6-4-5-3,3,3,45.516,80.283,0.8250999445473846,0.8606838544680775,220.7646262349167,183.47876549658847,classical_exhaustive
31,1,s0031-w014-g005-q5_19,5,19,7,1,7-6-1,7-2-1,2,2,21.298000000000002,49.82299999999999,0.9092000454879999,0.918482474716,264.96132878453335,194.60310501882145,classical_exhaustive
31,2,s0031-w014-g006-q6_15,6,15,6,3,6-7-5-3,6-1-2-0-3,3,4,45.516,82.9,0.8250999445473846,0.8182350707910798,220.7646262349167,247.7048454113135,classical_exhaustive
31,0,s0031-w014-g011-q12_25,12,25,2,4,2-1-4,2-0-5-4,2,3,39.858,56.929,0.916557319021,0.9227984107407771,184.83062058832144,234.01890682508196,classical_exhaustive
31,1,s0031-w014-g015-q27_28,27,28,7,6,7-2-1-6,7-6,3,1,66.166,4.955,0.8490158081882795,0.983591,305.39277167159355,84.8459,classical_exhaustive
32,0,s0032-w015-g011-q16_18,16,18,4,3,4-5-3,4-6-7-5-3,2,4,51.086,75.6,0.8982252742519999,0.7969500732234508,162.90498200876226,128.40499267765492,classical_exhaustive
33,0,s0033-w000-g011-q14_28,14,28,2,6,2-1-6,2-7-6,2,2,34.112,35.956,0.9155322976,0.9097591038520001,128.00704610206895,63.81342294813333,classical_exhaustive
34,0,s0034-w001-g004-q4_11,4,11,6,3,6-7-5-3,6-4-5-3,3,3,42.283,73.51,0.8410701093955648,0.8617000463195307,160.6472534282596,116.57610647915806,classical_exhaustive
35,0,s0035-w002-g002-q2_23,2,23,2,5,2-0-5,2-7-5,2,2,35.108000000000004,42.804,0.944975058762,0.86081737166,129.80167059438824,82.31907981012732,classical_exhaustive
35,0,s0035-w002-g008-q9_28,9,28,0,6,0-5-7-6,0-2-1-6,3,3,33.448,55.03,0.8851973001131062,0.8864758990475138,141.00585619558592,94.32358656583685,classical_exhaustive
35,1,s0035-w002-g013-q15_31,15,31,3,7,3-5-7,3-0-5-7,2,3,32.862,54.806,0.8600058429149999,0.8378248669680404,145.02233524872986,101.62033027932328,classical_exhaustive
36,0,s0036-w003-g000-q0_12,0,12,0,1,0-2-1,0-5-4-1,2,3,39.438,57.528,0.9595471299899999,0.8828081841672261,129.0126987657059,97.98987164175692,classical_exhaustive
37,2,s0037-w004-g000-q0_6,0,6,0,6,0-5-7-6,0-2-1-6,3,3,36.741,55.349000000000004,0.8860538878679308,0.8818629690238878,310.6794708623297,96.60120577140802,classical_exhaustive
37,0,s0037-w004-g001-q1_15,1,15,1,3,1-2-0-3,1-4-5-3,3,3,65.122,62.338,0.8866180601354385,0.8481143419932914,189.80243997576096,104.41335825350104,classical_exhaustive
37,0,s0037-w004-g003-q3_20,3,20,5,2,5-0-2,5-7-2,2,2,39.564,43.595,0.9541762256880001,0.869362903572,259.05427998616136,83.15296251636323,classical_exhaustive
37,2,s0037-w004-g005-q5_16,5,16,7,4,7-6-4,7-5-4,2,2,33.014,37.974000000000004,0.949730852512,0.9009523421339999,190.5409147488,74.37301866016324,classical_exhaustive
37,1,s0037-w004-g009-q11_12,11,12,3,1,3-0-2-1,3-5-4-1,3,3,65.122,62.338,0.8866180601354384,0.8481143419932914,189.802439975761,104.41335825350104,classical_exhaustive
37,1,s0037-w004-g011-q14_23,14,23,2,5,2-0-5,2-7-5,2,2,39.564,43.595,0.9541762256880001,0.869362903572,259.05427998616136,83.15296251636323,classical_exhaustive
37,2,s0037-w004-g013-q24_30,24,30,6,0,6-7-5-0,6-7-2-0,3,3,36.741,57.764,0.8860538878679308,0.9136589257281519,310.6794708623297,95.83661010098162,classical_exhaustive
37,3,s0037-w004-g014-q26_27,26,27,4,7,4-6-7,4-1-2-7,2,3,33.014,65.578,0.949730852512,0.8552592577125033,190.5409147488,107.81069491840485,classical_exhaustive
38,1,s0038-w005-g005-q6_8,6,8,6,5,6-7-5,6-4-5,2,2,20.875999999999998,46.451,0.90514943288,0.939514372692,149.80933257406895,136.76371367419623,classical_exhaustive
38,0,s0038-w005-g010-q14_22,14,22,2,4,2-1-4,2-1-6-4,2,3,39.649,56.906000000000006,0.8987492867500001,0.8581546983552245,161.41200235948276,165.78880602654652,classical_exhaustive
38,0,s0038-w005-g013-q21_30,21,30,1,0,1-2-0,1-4-5-0,2,3,39.746,58.557,0.9473480712360001,0.8842977592600411,216.64912391088276,159.3913750173921,classical_exhaustive
38,2,s0038-w005-g015-q25_31,25,31,4,7,4-6-7,4-5-7,2,2,32.33,34.997,0.9428479672150001,0.901949127744,155.71186994516665,130.25036308766894,classical_exhaustive
39,0,s0039-w006-g010-q12_17,12,17,1,3,1-4-5-3,1-2-0-3,3,3,66.225,71.65899999999999,0.8484814123822356,0.8982637786015255,276.2405904179609,109.59124282950262,classical_exhaustive
39,0,s0039-w006-g012-q15_21,15,21,3,1,3-5-4-1,3-5-7-6-1,3,4,66.225,57.398,0.8484814123822355,0.7679274082519912,276.24059041796096,114.70049727003897,classical_exhaustive
39,1,s0039-w006-g015-q26_27,26,27,4,7,4-6-7,4-5-7,2,2,34.45,35.695,0.939574281459,0.90089381631,192.9925718541,129.86976931239622,classical_exhaustive
40,0,s0040-w007-g005-q5_21,5,21,7,1,7-6-1,7-5-4-1,2,3,20.402,58.489000000000004,0.903095935024,0.8350441048525966,181.75907316426665,104.12252054922311,classical_exhaustive
40,0,s0040-w007-g006-q6_18,6,18,6,3,6-7-5-3,6-4-5-3,3,3,39.731,63.053,0.8494580733852968,0.8839790427651406,213.92312369595308,101.54188817631614,classical_exhaustive
41,0,s0041-w008-g000-q0_21,0,21,0,1,0-2-1,0-5-4-1,2,3,46.447,58.839,0.963982620528,0.8819769548393059,139.74701380926896,96.61900605980868,classical_exhaustive
41,0,s0041-w008-g003-q3_4,3,4,5,6,5-7-6,5-4-6,2,2,21.217,41.169,0.9081615390400001,0.940318020096,142.03877713048277,69.02399044323019,classical_exhaustive
42,0,s0042-w009-g002-q2_4,2,4,2,6,2-1-6,2-7-6,2,2,29.628,35.276,0.9003806847810001,0.926149726656,135.58993152189996,63.61340828678096,classical_exhaustive
42,1,s0042-w009-g008-q12_29,12,29,1,7,1-6-7,1-2-7,2,2,16.172,48.732,0.9141113630880001,0.912238222572,120.76086369119997,77.07714326004138,classical_exhaustive
43,0,s0043-w010-g004-q4_19,4,19,6,2,6-7-2,6-4-1-2,2,3,30.897,62.629999999999995,0.928581786144,0.8544923369234806,146.80866265544125,104.93938699730711,classical_exhaustive
45,0,s0045-w012-g003-q3_28,3,28,5,6,5-7-6,5-4-6,2,2,18.554000000000002,39.508,0.9054594076640001,0.9293535191219999,179.67472590026665,66.79277387396354,classical_exhaustive
45,0,s0045-w012-g009-q12_31,12,31,1,7,1-6-7,1-2-7,2,2,15.834999999999999,40.42,0.895873282737,0.91215853776,177.91433839296667,73.76353319718008,classical_exhaustive
46,0,s0046-w013-g002-q2_23,2,23,2,5,2-0-5,2-7-5,2,2,40.980000000000004,35.197,0.9634450665280001,0.8549669454659999,233.87919082619158,64.02632426217744,classical_exhaustive
46,0,s0046-w013-g011-q13_20,13,20,5,2,5-0-2,5-4-1-2,2,3,40.980000000000004,60.403999999999996,0.9634450665280001,0.8779621484184843,233.87919082619158,175.07904952596763,classical_exhaustive
46,1,s0046-w013-g015-q28_30,28,30,6,0,6-7-5-0,6-1-2-0,3,3,34.498999999999995,55.354,0.8779933816551831,0.8774161869291814,240.5718422856095,170.08364567489792,classical_exhaustive
47,0,s0047-w014-g006-q6_15,6,15,6,3,6-7-5-3,6-1-2-0-3,3,4,47.473,71.658,0.8491201484285031,0.8029240541739202,186.06098515714967,198.83685895042404,classical_exhaustive
47,0,s0047-w014-g014-q24_29,24,29,6,7,6-7,6-4-5-7,1,3,5.207,57.455,0.987887,0.8474575783184215,119.08496666666667,100.88248402064498,classical_exhaustive
48,0,s0048-w015-g010-q12_23,12,23,1,5,1-4-5,1-2-0-5,2,3,40.509,53.203,0.900615838512,0.9399500857491728,141.27074376458046,85.85550100362678,classical_exhaustive
