step,window_index,fresh_interactions,local_interactions,remote_demand,carried_from_queue,became_local_after_repartition,admitted,admitted_on_primary_route,diverted_at_admission,deferred,deferred_for_capacity,deferred_for_bell_pairs,dropped_from_queue,queue_length_after,prevented_capacity_violations,rejected_for_capacity,rejected_for_bell_pairs,rejected_for_no_route,in_flight_communications,in_flight_load,congested_links_before_reroute,saturated_links_before_reroute,congested_link_keys,affected_communications,unaffected_communications,in_flight_on_congested_links,selective_reroutes,affected_kept_route,reroute_blocks,qaoa_blocks,qaoa_executed_blocks,affected_cost_before_reroute,affected_cost_after_reroute,congested_links_after_reroute,saturated_links_after_reroute,max_utilization_before_reroute,max_utilization_after_reroute,avg_link_utilization,total_active_load,window_communication_cost,completed_communications,bell_pairs_available,bell_pairs_consumed_total,bell_pairs_regenerated,repartition_trigger_reason,repartition_triggered,repartition_suppressed_by_cooldown,repartition_accepted,logical_qubits_moved,capacity_invariant_ok,load_ledger_ok,unaffected_route_violations,reroute_admission_failures
1,0,16,10,6,0,0,6,6,0,0,0,0,0,0,0,0,0,0,0,0,0,0,,0,6,0,0,0,0,0,0,0.0,0.0,0,0,0.2,0.2,0.09004629629629629,6.0,277.45120033809485,3,512.0,3.0,0.0,none,False,False,False,0,True,True,0,0
2,1,16,4,12,0,0,12,12,0,0,0,0,0,0,0,0,0,0,3,6.0,1,0,6-7,2,10,1,1,1,1,0,0,235.6107644159382,128.81021230733313,0,0,0.6,0.5,0.24464285714285716,13.0,670.4288224484824,9,496.0,15.0,3.0,none,False,False,False,0,True,True,0,0
3,2,16,2,14,0,0,14,14,0,0,0,0,0,0,0,0,0,0,6,13.0,4,0,0-5|3-5|5-7|6-7,10,4,5,5,5,4,0,0,1944.188902171032,788.7558801487154,0,0,0.7777777777777778,0.5555555555555556,0.40324074074074073,26.0,1022.3581068483229,9,480.0,30.0,12.0,none,False,False,False,0,True,True,0,0
4,3,16,4,12,0,0,12,12,0,0,0,0,0,0,0,0,0,0,11,26.0,3,0,0-2|1-4|4-5,8,4,8,3,5,2,0,0,1204.2773494217272,758.3615650648643,1,0,0.8333333333333334,0.7,0.4712962962962963,28.0,1049.5246869849211,12,473.0,50.0,15.0,none,False,False,False,0,True,True,0,0
5,4,16,2,14,0,0,14,14,0,0,0,0,0,0,3,3,0,0,11,28.0,7,1,0-2|0-3|0-5|1-4|4-6|5-7|6-7,13,1,11,4,9,5,0,0,2863.817015347032,2368.9088466925587,5,0,1.0,0.75,0.555050505050505,28.0,2412.558939145388,13,464.0,79.0,20.0,congestion,True,False,False,0,True,True,0,0
6,5,16,4,12,0,0,12,12,0,0,0,0,0,0,0,0,0,0,12,28.0,5,0,0-2|1-2|1-4|4-6|6-7,9,3,10,3,6,3,0,0,1438.078719686187,1030.2240242459618,3,0,0.8333333333333334,0.6666666666666666,0.45263047138047136,18.0,1157.167858071906,17,475.0,107.0,29.0,congestion,True,False,False,0,True,True,0,0
7,6,16,5,11,0,0,11,11,0,0,0,0,0,0,0,0,0,0,7,18.0,2,0,0-3|4-6,8,3,2,3,5,3,0,0,1211.4813924349696,630.0668457540112,0,0,0.8333333333333334,0.5,0.3788510101010101,21.0,761.9559954663085,9,483.0,124.0,28.0,none,False,False,False,0,True,True,0,0
8,7,16,2,14,0,0,14,14,0,0,0,0,0,0,0,0,0,0,9,21.0,2,1,1-4|6-7,6,8,3,2,4,2,0,0,1068.8291625428,762.3843763953358,2,0,1.0,0.8,0.4458333333333333,22.0,1199.9945923594635,14,477.0,146.0,17.0,none,False,False,False,0,True,True,0,0
9,8,16,9,7,0,0,7,7,0,0,0,0,0,0,2,2,0,0,9,22.0,2,1,0-2|6-7,6,1,5,3,3,2,0,0,961.3096023082342,523.3031193518809,1,0,1.0,0.6,0.34882154882154887,15.0,564.6822285472832,10,485.0,167.0,22.0,congestion,True,False,False,0,True,True,0,0
10,9,16,1,15,0,0,15,15,0,0,0,0,0,0,0,0,0,0,6,15.0,1,0,6-7,2,13,1,1,1,1,0,0,287.58772656360003,138.97409039139615,0,0,0.75,0.5,0.3499789562289562,14.0,740.6285334236453,13,487.0,187.0,21.0,none,False,False,False,0,True,True,0,0
11,10,16,4,12,0,0,12,12,0,0,0,0,0,0,0,0,0,0,8,14.0,1,0,0-5,3,9,3,1,2,1,0,0,366.0480277273263,157.85630135982757,0,0,0.6666666666666666,0.5555555555555556,0.33516414141414136,10.0,663.0353135236068,15,489.0,209.0,20.0,none,False,False,False,0,True,True,0,0
12,11,16,6,10,0,0,10,10,0,0,0,0,0,0,0,0,0,0,5,10.0,1,0,6-7,3,7,0,2,1,1,0,0,429.7678792798276,178.93859213902823,0,0,0.75,0.5714285714285714,0.24789261664261664,8.0,537.805626129634,11,496.0,226.0,22.0,none,False,False,False,0,True,True,0,0
13,12,16,4,12,0,0,12,12,0,0,0,0,0,0,0,0,0,0,4,8.0,1,0,6-7,3,9,0,1,2,1,0,0,387.97871901146095,151.3958605977299,0,0,0.75,0.5,0.26991642616642614,14.0,677.5091397558905,9,493.0,240.0,17.0,none,False,False,False,0,True,True,0,0
14,13,16,2,14,0,0,14,14,0,0,0,0,0,0,0,0,0,0,7,14.0,3,0,0-2|1-2|6-7,8,6,4,3,5,3,0,0,1078.5562554513192,738.1838505107008,1,0,0.75,0.7,0.3668447293447294,17.0,1150.3904993872038,14,483.0,261.0,14.0,none,False,False,False,0,True,True,0,0
15,14,16,1,15,0,0,15,13,2,0,0,0,0,0,9,9,0,0,7,17.0,4,1,1-2|1-6|4-5|6-7,12,3,5,7,5,4,0,0,2141.631505541242,2111.2788972970266,3,0,1.0,0.8,0.522796879046879,36.0,2237.6530091448285,10,468.0,278.0,21.0,congestion,True,False,False,0,True,True,0,0
16,15,16,7,9,0,0,9,9,0,0,0,0,0,0,0,0,0,0,12,36.0,3,0,4-5|4-6|6-7,4,5,8,0,4,2,0,0,581.7682945927298,581.7682945927298,3,0,0.8,0.8,0.5143162393162394,30.0,918.2580636334909,9,469.0,300.0,17.0,congestion,True,False,False,0,True,True,0,0
17,0,16,10,6,0,0,6,6,0,0,0,0,0,0,0,0,0,0,12,30.0,1,0,0-3,1,5,4,1,0,1,0,0,130.03702328042328,120.9964210248,1,0,0.7142857142857143,0.6,0.3852258852258852,8.0,452.6419634786657,15,481.0,332.0,22.0,none,False,False,False,0,True,True,0,0
18,1,16,4,12,0,0,12,12,0,0,0,0,0,0,0,0,0,0,3,8.0,1,0,6-7,2,10,1,1,1,1,0,0,284.50864861998,137.0655002987312,0,0,0.75,0.5,0.2758394383394383,13.0,668.1200783861805,9,494.0,346.0,32.0,none,False,False,False,0,True,True,0,0
19,2,16,2,14,0,0,14,14,0,0,0,0,0,0,0,0,0,0,6,13.0,4,0,0-5|3-5|5-7|6-7,10,4,5,5,5,4,0,0,1864.1812810510119,779.2243095260068,0,0,0.75,0.5,0.3956705331705332,25.0,1013.6478769892034,10,480.0,362.0,14.0,none,False,False,False,0,True,True,0,0
20,3,16,4,12,0,0,12,12,0,0,0,0,0,0,0,0,0,0,10,25.0,3,0,0-2|1-4|4-5,8,4,8,3,5,2,0,0,1150.376935292426,762.7143447001737,1,0,0.7142857142857143,0.7,0.45796703296703295,25.0,1045.5884278757787,12,474.0,384.0,16.0,none,False,False,False,0,True,True,0,0
21,4,16,2,14,0,0,14,12,2,0,0,0,0,0,17,17,0,0,10,25.0,4,1,0-2|4-5|4-6|6-7,13,1,7,4,9,5,0,0,2275.7803910591447,2281.5054310624496,5,0,1.0,0.75,0.5519864394864394,29.0,2331.1093125439306,13,465.0,411.0,22.0,congestion,True,False,False,0,True,True,0,0
22,5,16,4,12,0,0,12,12,0,0,0,0,0,0,0,0,0,0,11,29.0,3,0,1-2|1-4|6-7,7,5,7,5,2,2,0,0,1096.7273892307026,958.4526255322612,2,0,0.8,0.7272727272727273,0.4582912457912458,27.0,1249.492702878602,13,473.0,432.0,27.0,congestion,True,False,False,0,True,True,0,0
23,6,16,5,11,0,0,11,10,1,0,0,0,0,0,2,2,0,0,10,27.0,5,1,0-2|0-3|1-6|4-5|4-6,11,0,8,6,5,4,0,0,1723.9222187784558,1060.508951213981,2,0,1.0,0.7272727272727273,0.4807930495430495,20.0,1060.508951213981,13,471.0,462.0,21.0,congestion,True,False,False,0,True,True,0,0
24,7,16,2,14,0,0,14,13,1,0,0,0,0,0,5,5,0,0,8,20.0,2,1,1-2|6-7,7,7,4,4,3,3,0,0,1207.5093388672917,712.6082480538225,1,0,1.0,0.6,0.44728835978835974,27.0,1074.3360427006824,12,474.0,482.0,30.0,none,False,False,False,0,True,True,0,0
25,8,16,9,7,0,0,7,7,0,0,0,0,0,0,0,0,0,0,10,27.0,2,0,0-2|6-7,6,1,4,4,2,2,0,0,854.1394364774361,501.6556841772532,0,0,0.8,0.5,0.39766714766714767,22.0,545.7101437831644,9,479.0,502.0,20.0,none,False,False,False,0,True,True,0,0
26,9,16,1,15,0,0,15,15,0,0,0,0,0,0,0,0,0,0,8,22.0,2,1,1-6|4-5,6,9,5,3,3,2,0,0,938.7726301688258,497.20056967939365,1,0,1.0,0.6,0.4150058275058275,14.0,918.0119994909173,16,479.0,530.0,20.0,none,False,False,False,0,True,True,0,0
27,10,16,4,12,0,0,12,12,0,0,0,0,0,0,0,0,0,0,7,14.0,0,0,,0,12,0,0,0,0,0,0,0.0,0.0,0,0,0.5,0.5,0.3241501554001554,13.0,658.7283696392486,13,489.0,549.0,28.0,none,False,False,False,0,True,True,0,0
28,11,16,6,10,0,0,10,10,0,0,0,0,0,0,0,0,0,0,6,13.0,1,0,6-7,3,7,0,2,1,1,0,0,354.4672864931,196.98021134660192,0,0,0.6,0.5,0.2645541958041958,12.0,577.6410013729057,10,493.0,565.0,19.0,none,False,False,False,0,True,True,0,0
29,12,16,4,12,0,0,12,12,0,0,0,0,0,0,0,0,0,0,6,12.0,1,0,6-7,3,9,0,1,2,1,0,0,309.8257155171609,207.5687590793629,1,0,0.6,0.6,0.3237803862803863,15.0,936.5199530286172,10,489.0,582.0,16.0,none,False,False,False,0,True,True,0,0
30,13,16,2,14,0,0,14,14,0,0,0,0,0,0,0,0,0,0,8,15.0,4,0,0-2|0-5|4-5|6-7,9,5,7,2,7,3,0,0,1275.2498501987002,833.4219000044363,2,0,0.7142857142857143,0.6666666666666666,0.3785372035372035,16.0,1216.5147080413349,15,483.0,604.0,17.0,congestion,True,False,False,0,True,True,0,0
31,14,16,1,15,0,0,15,14,1,0,0,0,0,0,5,5,0,0,7,16.0,3,1,1-2|1-6|6-7,9,6,4,5,4,3,0,0,1869.7138946101795,1548.81811051437,4,0,1.0,0.8888888888888888,0.44422984422984424,26.0,2242.5800978071957,11,477.0,622.0,22.0,congestion,True,False,True,4,True,True,0,0
32,15,16,7,9,0,0,9,9,0,0,0,0,0,0,0,0,0,0,11,26.0,2,0,1-2|4-5,3,6,10,1,2,1,0,0,430.6022958969406,378.7249480752672,2,0,0.7,0.6666666666666666,0.4284511784511784,21.0,768.3017102485425,11,478.0,644.0,18.0,congestion,False,True,False,0,True,True,0,0
33,0,16,9,7,0,0,7,7,0,0,0,0,0,0,0,0,0,0,9,21.0,1,0,1-6,2,5,1,1,1,1,0,0,256.0140922041379,128.0197027666774,0,0,0.6,0.5,0.3178758741258741,10.0,380.7176417338924,12,489.0,666.0,22.0,none,False,False,False,0,True,True,0,0
34,1,16,4,12,0,0,12,12,0,0,0,0,0,0,0,0,0,0,4,10.0,1,0,6-7,2,10,2,1,1,1,0,0,257.0220534282596,139.20090647915805,0,0,0.6666666666666666,0.5555555555555556,0.2849012099012099,11.0,658.7960016446536,11,492.0,684.0,22.0,none,False,False,False,0,True,True,0,0
35,2,16,1,15,0,0,15,15,0,0,0,0,0,0,0,0,0,0,5,11.0,2,0,0-5|3-5,7,8,4,3,4,3,0,0,935.4064717415322,520.5130768934283,0,0,0.6666666666666666,0.5555555555555556,0.334001184001184,17.0,869.5892033236964,13,485.0,703.0,18.0,none,False,False,False,0,True,True,0,0
36,3,16,3,13,0,0,13,13,0,0,0,0,0,0,0,0,0,0,7,17.0,1,0,0-2,4,9,2,1,3,2,0,0,505.38808278342356,287.7116608882327,0,0,0.6,0.5833333333333334,0.3488576238576238,14.0,754.4983573900538,14,482.0,728.0,19.0,none,False,False,False,0,True,True,0,0
37,4,16,1,15,0,0,15,15,0,0,0,0,0,0,6,6,0,0,6,14.0,3,1,0-2|0-5|6-7,11,4,5,8,3,4,0,0,2404.1162508100965,958.265045862743,0,0,1.0,0.5833333333333334,0.40504449254449254,25.0,1120.3294463068157,11,476.0,748.0,25.0,none,False,False,False,0,True,True,0,0
38,5,16,5,11,0,0,11,11,0,0,0,0,0,0,0,0,0,0,10,25.0,3,0,0-2|1-2|6-7,7,4,5,4,3,3,0,0,1071.1135095804564,796.3642147967943,2,0,0.8,0.625,0.4173611111111111,21.0,969.7888255794982,13,478.0,770.0,20.0,none,False,False,False,0,True,True,0,0
39,6,16,5,11,0,0,11,11,0,0,0,0,0,0,0,0,0,0,8,21.0,3,1,1-4|4-5|4-6,6,5,8,3,3,2,0,0,1286.017052690022,808.454809411938,2,0,1.0,0.8333333333333334,0.41289682539682543,11.0,1071.085150271431,15,481.0,799.0,22.0,congestion,True,False,False,0,True,True,0,0
40,7,16,2,14,0,0,14,12,2,0,0,0,0,0,2,2,0,0,4,11.0,1,1,6-7,3,11,1,2,1,1,0,0,609.6053205561728,289.5875324214923,0,0,1.0,0.5,0.35625,21.0,931.588482445805,10,485.0,814.0,29.0,none,False,False,False,0,True,True,0,0
41,8,16,8,8,0,0,8,8,0,0,0,0,0,0,0,0,0,0,8,21.0,2,0,1-2|6-7,4,4,4,2,2,2,0,0,557.1738706598449,285.90176587830445,0,0,0.75,0.5,0.336300505050505,13.0,497.68425821516854,11,486.0,836.0,15.0,none,False,False,False,0,True,True,0,0
42,9,16,1,15,0,0,15,15,0,0,0,0,0,0,0,0,0,0,5,13.0,1,0,1-6,4,11,0,2,2,2,0,0,473.4529952130999,201.79275154682233,0,0,0.6666666666666666,0.5,0.34170875420875424,12.0,750.4646846196285,14,487.0,858.0,22.0,none,False,False,False,0,True,True,0,0
43,10,16,5,11,0,0,11,11,0,0,0,0,0,0,0,0,0,0,6,12.0,1,0,6-7,2,9,1,1,1,1,0,0,281.75893560184124,151.97299327704044,0,0,0.75,0.5,0.30728114478114477,11.0,632.1614441044613,12,491.0,877.0,22.0,none,False,False,False,0,True,True,0,0
44,11,16,6,10,0,0,10,10,0,0,0,0,0,0,0,0,0,0,5,11.0,0,0,,0,10,0,0,0,0,0,0,0.0,0.0,0,0,0.5555555555555556,0.5555555555555556,0.25014730639730637,9.0,513.5263886477608,11,495.0,894.0,19.0,none,False,False,False,0,True,True,0,0
45,12,16,4,12,0,0,12,12,0,0,0,0,0,0,0,0,0,0,4,9.0,1,1,6-7,4,8,0,2,2,2,0,0,688.5739693528667,209.8745454641103,0,0,1.0,0.5555555555555556,0.3025493025493025,15.0,682.5793651459701,9,491.0,909.0,17.0,none,False,False,False,0,True,True,0,0
46,13,16,3,13,0,0,13,13,0,0,0,0,0,0,0,0,0,0,7,15.0,3,0,0-2|0-5|6-7,7,6,4,3,4,3,0,0,1127.0687161538265,527.7841385401475,1,0,0.8571428571428571,0.6666666666666666,0.33844997594997595,15.0,901.0159552804262,14,486.0,929.0,15.0,none,False,False,False,0,True,True,0,0
47,14,16,1,15,0,0,15,15,0,0,0,0,0,0,0,0,0,0,6,15.0,1,0,6-7,4,11,0,2,2,2,0,0,610.2919036476327,407.6009269787935,1,0,0.8,0.6666666666666666,0.3757876382876382,19.0,1020.507435145584,14,481.0,950.0,20.0,congestion,True,False,False,0,True,True,0,0
48,15,16,7,9,0,0,9,9,0,0,0,0,0,0,0,0,0,0,7,19.0,1,0,4-5,2,7,5,1,1,1,0,0,285.2467006800609,162.4172212124177,0,0,0.6363636363636364,0.5454545454545454,0.33887686387686383,15.0,536.9357731356442,10,486.0,970.0,21.0,none,False,False,False,0,True,True,0,0
49,0,16,9,7,0,0,7,7,0,0,0,0,0,0,0,0,0,0,6,15.0,0,0,,0,7,0,0,0,0,0,0,0.0,0.0,0,0,0.5,0.5,0.25146705146705145,4.0,362.68719514618647,11,495.0,992.0,20.0,none,False,False,False,0,True,True,0,0
50,1,16,4,12,0,0,12,12,0,0,0,0,0,0,0,0,0,0,2,4.0,0,0,,0,12,0,0,0,0,0,0,0.0,0.0,0,0,0.5,0.5,0.22940115440115438,13.0,645.1171719082708,8,498.0,1002.0,22.0,none,False,False,False,0,True,True,0,0
