step,link,utilization_before,utilization_after
2,0-4,0.75,0.75
2,2-3,0.6666666666666666,0.5
2,2-5,0.6666666666666666,0.6666666666666666
3,1-3,1.0,0.8571428571428571
3,1-4,0.75,0.375
3,2-3,0.8333333333333334,0.5
3,2-5,1.0,1.0
4,0-4,1.0,1.0
4,1-3,0.6666666666666666,0.6666666666666666
4,2-5,1.0,1.0
5,1-3,1.0,0.8333333333333334
5,2-5,1.0,1.0
6,0-4,1.0,1.0
6,1-3,1.0,1.0
6,2-3,0.6666666666666666,0.3333333333333333
6,2-5,1.0,1.0
7,0-4,0.75,1.0
7,1-3,1.0,0.8333333333333334
7,2-5,1.0,1.0
8,0-4,0.75,0.75
8,1-3,0.6666666666666666,0.6666666666666666
8,2-5,1.0,1.0
9,2-3,1.0,0.5
9,2-5,1.0,1.0
10,0-4,0.75,1.0
10,1-3,0.8571428571428571,0.7142857142857143
10,2-5,1.0,1.0
11,0-2,0.625,0.75
11,0-4,1.0,1.0
11,1-3,1.0,1.0
11,1-4,0.75,0.75
11,2-3,1.0,0.8333333333333334
11,2-5,1.0,1.0
12,1-3,1.0,0.7142857142857143
12,2-5,1.0,1.0
13,0-2,0.8888888888888888,0.7777777777777778
13,0-4,0.8,0.8
13,1-3,0.625,0.625
13,1-4,0.75,0.5
13,2-3,0.6666666666666666,0.8333333333333334
13,2-5,1.0,1.0
14,1-3,0.8571428571428571,0.5714285714285714
14,2-3,0.8333333333333334,0.5
14,2-5,1.0,1.0
15,0-4,0.8,0.8
15,1-3,0.8571428571428571,0.8571428571428571
15,1-4,0.75,0.5
15,2-3,0.8571428571428571,0.5714285714285714
15,2-5,1.0,1.0
16,0-2,0.6666666666666666,0.8888888888888888
16,0-4,0.8,0.8
16,1-3,0.8571428571428571,0.8571428571428571
16,1-4,0.75,0.5
16,2-3,1.0,0.7142857142857143
16,2-5,1.0,1.0
17,1-3,0.7142857142857143,0.5714285714285714
17,2-5,1.0,1.0
18,2-3,0.6666666666666666,0.5
18,2-5,1.0,1.0
19,2-5,1.0,1.0
20,0-4,0.75,0.75
20,1-3,0.6666666666666666,0.6666666666666666
20,2-5,1.0,1.0
21,0-4,1.0,1.0
21,1-3,1.0,1.0
21,2-3,0.8333333333333334,0.6666666666666666
21,2-5,1.0,1.0
22,0-4,1.0,1.0
22,1-3,1.0,1.0
22,1-4,1.0,0.7777777777777778
22,2-3,0.6666666666666666,0.5
22,2-5,1.0,1.0
23,0-2,0.7777777777777778,0.6666666666666666
23,0-4,1.0,1.0
23,1-3,1.0,1.0
23,1-4,0.8888888888888888,0.8888888888888888
23,2-5,1.0,1.0
24,0-4,1.0,1.0
24,1-3,0.6666666666666666,0.6666666666666666
24,1-4,0.7777777777777778,0.7777777777777778
24,2-3,0.8333333333333334,0.8333333333333334
24,2-5,1.0,1.0
25,0-4,1.0,1.0
25,1-3,1.0,1.0
25,2-3,1.0,0.8333333333333334
25,2-5,1.0,1.0
26,0-4,0.75,1.0
26,1-3,1.0,0.8333333333333334
26,2-5,1.0,1.0
27,0-4,1.0,0.75
27,2-5,1.0,1.0
28,1-3,0.7142857142857143,0.42857142857142855
28,2-5,1.0,1.0
29,1-3,1.0,0.7142857142857143
29,1-4,0.625,0.375
29,2-5,1.0,1.0
30,0-4,1.0,1.0
30,1-4,0.625,0.375
30,2-5,1.0,1.0
31,0-4,1.0,1.0
31,1-3,0.6666666666666666,0.6666666666666666
31,2-5,1.0,1.0
32,0-4,0.75,1.0
32,1-3,1.0,0.8333333333333334
32,1-4,0.75,0.625
32,2-3,0.625,0.5
32,2-5,1.0,1.0
33,0-4,1.0,1.0
33,1-3,1.0,1.0
33,1-4,0.625,0.625
33,2-5,1.0,1.0
34,1-3,1.0,0.8
34,2-5,1.0,1.0
35,0-4,1.0,1.0
35,1-3,0.8,0.8
35,2-5,1.0,1.0
36,0-4,1.0,1.0
36,1-3,1.0,1.0
36,2-5,1.0,1.0
37,0-4,1.0,1.0
37,1-3,1.0,1.0
37,1-4,0.7142857142857143,0.7142857142857143
37,2-5,1.0,1.0
38,0-4,1.0,1.0
38,1-3,1.0,1.0
38,2-3,0.625,0.625
38,2-5,1.0,1.0
39,0-4,1.0,1.0
39,1-3,1.0,1.0
39,1-4,0.625,0.375
39,2-5,1.0,1.0
40,1-3,0.6666666666666666,0.5
40,2-3,0.75,0.5
40,2-5,1.0,1.0
41,1-3,0.8333333333333334,0.6666666666666666
41,2-5,1.0,1.0
42,0-4,0.75,1.0
42,1-3,0.8333333333333334,0.6666666666666666
42,2-3,0.7142857142857143,0.5714285714285714
42,2-5,1.0,1.0
43,0-4,1.0,1.0
43,1-3,0.8333333333333334,0.8333333333333334
43,2-3,0.8571428571428571,0.5714285714285714
43,2-5,1.0,1.0
44,0-2,0.6666666666666666,0.5555555555555556
44,2-5,1.0,1.0
45,0-4,0.75,1.0
45,1-3,1.0,0.8333333333333334
45,1-4,0.625,0.5
45,2-5,1.0,1.0
46,0-4,1.0,1.0
46,1-3,0.8333333333333334,0.8333333333333334
46,1-4,0.625,0.625
46,2-3,0.6666666666666666,0.5
46,2-5,1.0,1.0
47,0-4,1.0,1.0
47,1-3,0.8333333333333334,0.8333333333333334
47,2-5,1.0,1.0
48,1-3,0.8333333333333334,0.5
48,2-3,0.6666666666666666,0.3333333333333333
48,2-5,1.0,1.0
49,0-4,0.75,0.75
49,2-5,1.0,1.0
50,1-3,0.6666666666666666,0.5
50,2-5,1.0,1.0
