metric,qaoa_hybrid,classical_only
admitted,392,400
admitted_on_primary_route,368,384
affected_communications,297,282
affected_cost_after_reroute,58028.08242339347,50081.384328093336
affected_cost_before_reroute,65485.78036721817,60597.9598608328
affected_kept_route,211,213
avg_link_utilization,0.6121689342403628,0.5657222222222222
capacity_invariant_violations,0,0
capacity_reductions_blocked_by_reservations,0,1
completed_communications,389,397
congested_link_instances_after_reroute,157,128
congested_link_instances_before_reroute,165,150
congestion_windows,49,49
deferral_events,309,374
diverted_at_admission,24,16
dropped_from_queue,0,0
fresh_interactions,600,600
in_flight_at_end,3,3
load_ledger_violations,0,0
local_interactions,195,192
logical_qubits_moved,36,32
max_link_utilization,1.0,1.0
mean_max_utilization_after_reroute_on_congestion_windows,0.9948979591836735,0.9948979591836735
mean_max_utilization_before_reroute_on_congestion_windows,0.9948979591836735,0.9948979591836735
mean_window_communication_cost,1259.5198335521334,1118.5499662109144
prevented_capacity_violations,956,1113
qaoa_blocks_attempted,96,0
qaoa_blocks_executed,96,0
qaoa_blocks_feasible,96,0
queue_length_final,13,8
rejected_for_bell_pairs,0,0
rejected_for_capacity,956,1113
remote_demand_instances,701,774
repartition_suppressed_by_cooldown,20,16
repartition_triggers,28,32
repartitions_accepted,10,8
reroute_admission_failures,0,0
reroute_blocks,96,91
saturated_link_instances_after_reroute,85,83
selective_reroutes,86,69
steps,50,50
total_window_communication_cost,62975.99167760667,55927.498310545714
unaffected_communications_on_congestion_windows,89,112
unaffected_route_violations,0,0
