event_id,step,old_partition,new_partition,old_cost,new_cost,logical_qubits_moved,reason,old_max_utilization,new_max_utilization
1,20,"{0: [1, 9, 11], 1: [4, 7], 2: [5], 3: [0, 3, 8], 4: [2, 6], 5: [10]}","{0: [1, 5, 11], 1: [4, 7, 9], 2: [], 3: [0, 3, 8], 4: [2, 6, 10], 5: []}",41774.998517816646,36589.52932035432,3,latency,0.5,0.5
2,21,"{0: [1, 5, 11], 1: [4, 7, 9], 2: [], 3: [0, 3, 8], 4: [2, 6, 10], 5: []}","{0: [11], 1: [4, 7, 9], 2: [5], 3: [0, 3, 8], 4: [2, 6, 10], 5: [1]}",52007.42821360432,44627.89058263599,2,"fidelity,latency",0.6666666666666666,0.6666666666666666
3,23,"{0: [11], 1: [4, 7, 9], 2: [5], 3: [0, 3, 8], 4: [2, 6, 10], 5: [1]}","{0: [1, 11], 1: [4, 7, 9], 2: [5], 3: [0, 3, 8], 4: [2, 6, 10], 5: []}",40028.26987106916,35924.90249285374,1,"fidelity,latency",0.5,0.5
4,24,"{0: [1, 11], 1: [4, 7, 9], 2: [5], 3: [0, 3, 8], 4: [2, 6, 10], 5: []}","{0: [1, 9, 11], 1: [4], 2: [2, 7, 8], 3: [0, 3, 5], 4: [6, 10], 5: []}",47196.58407291408,40955.69844369633,5,"fidelity,latency",0.5,0.5
5,26,"{0: [1, 9, 11], 1: [4], 2: [2, 7, 8], 3: [0, 3, 5], 4: [6, 10], 5: []}","{0: [11], 1: [1, 4, 9], 2: [2, 7, 8], 3: [0, 3, 5], 4: [6, 10], 5: []}",36516.30448150111,33832.35231835877,2,"fidelity,latency",0.3333333333333333,0.3333333333333333
6,27,"{0: [11], 1: [1, 4, 9], 2: [2, 7, 8], 3: [0, 3, 5], 4: [6, 10], 5: []}","{0: [4, 7, 8], 1: [1, 9, 11], 2: [], 3: [0, 3, 5], 4: [6, 10], 5: [2]}",51159.62622735837,35608.81966568434,5,"fidelity,latency",1.0,1.0
7,28,"{0: [4, 7, 8], 1: [1, 9, 11], 2: [], 3: [0, 3, 5], 4: [6, 10], 5: [2]}","{0: [4, 5, 7], 1: [1, 9, 11], 2: [], 3: [0, 3, 8], 4: [2, 6, 10], 5: []}",35131.08626950295,33113.34270329118,3,"fidelity,latency",0.5,0.5
8,29,"{0: [4, 5, 7], 1: [1, 9, 11], 2: [], 3: [0, 3, 8], 4: [2, 6, 10], 5: []}","{0: [4, 5, 7], 1: [1, 9, 11], 2: [], 3: [], 4: [2, 6, 10], 5: [0, 3, 8]}",51918.42018008398,36990.71557040602,3,"fidelity,latency",0.5,0.5
9,34,"{0: [4, 5, 7], 1: [1, 9, 11], 2: [], 3: [], 4: [2, 6, 10], 5: [0, 3, 8]}","{0: [4, 5, 7], 1: [1, 9, 11], 2: [], 3: [0, 3, 8], 4: [2, 6, 10], 5: []}",50210.327107153345,36836.79536924774,3,"fidelity,latency",1.0,1.0
10,36,"{0: [4, 5, 7], 1: [1, 9, 11], 2: [], 3: [0, 3, 8], 4: [2, 6, 10], 5: []}","{0: [4, 5, 7], 1: [1, 9, 11], 2: [], 3: [], 4: [2, 6, 10], 5: [0, 3, 8]}",50854.887694675344,36757.3476921115,3,"fidelity,latency",0.5,0.5
11,38,"{0: [4, 5, 7], 1: [1, 9, 11], 2: [], 3: [], 4: [2, 6, 10], 5: [0, 3, 8]}","{0: [4, 7, 8], 1: [1, 9, 11], 2: [], 3: [2], 4: [6, 10], 5: [0, 3, 5]}",38196.78241432395,35001.90179388232,3,"fidelity,latency",0.5,0.5
12,39,"{0: [4, 7, 8], 1: [1, 9, 11], 2: [], 3: [2], 4: [6, 10], 5: [0, 3, 5]}","{0: [4, 5, 7], 1: [1, 9, 11], 2: [], 3: [], 4: [2, 6, 10], 5: [0, 3, 8]}",38553.47574785629,36442.96507153637,3,"fidelity,latency",0.5,0.5
13,40,"{0: [4, 5, 7], 1: [1, 9, 11], 2: [], 3: [], 4: [2, 6, 10], 5: [0, 3, 8]}","{0: [4, 7, 8], 1: [1, 9, 11], 2: [], 3: [2], 4: [6, 10], 5: [0, 3, 5]}",39006.822451738764,35662.39275996357,3,"fidelity,latency",0.5,0.5
14,42,"{0: [4, 7, 8], 1: [1, 9, 11], 2: [], 3: [2], 4: [6, 10], 5: [0, 3, 5]}","{0: [4, 5, 7], 1: [1, 9, 11], 2: [], 3: [], 4: [2, 6, 10], 5: [0, 3, 8]}",37264.26631763515,35155.42205937741,3,"fidelity,latency",0.5,0.5
15,43,"{0: [4, 5, 7], 1: [1, 9, 11], 2: [], 3: [], 4: [2, 6, 10], 5: [0, 3, 8]}","{0: [4, 5], 1: [1, 9, 11], 2: [], 3: [7], 4: [2, 6, 10], 5: [0, 3, 8]}",40296.19338711513,37618.71722000161,1,"fidelity,latency",0.5,0.5
16,44,"{0: [4, 5], 1: [1, 9, 11], 2: [], 3: [7], 4: [2, 6, 10], 5: [0, 3, 8]}","{0: [4, 5, 7], 1: [1, 9, 11], 2: [], 3: [], 4: [2, 6, 10], 5: [0, 3, 8]}",50089.17241867314,45860.7206728106,1,"fidelity,latency",0.5,0.5
17,46,"{0: [4, 5, 7], 1: [1, 9, 11], 2: [], 3: [], 4: [2, 6, 10], 5: [0, 3, 8]}","{0: [4, 7, 8], 1: [1, 9, 11], 2: [], 3: [2], 4: [6, 10], 5: [0, 3, 5]}",38630.20882822516,35490.378691816775,3,"fidelity,latency",0.6666666666666666,0.6666666666666666
18,47,"{0: [4, 7, 8], 1: [1, 9, 11], 2: [], 3: [2], 4: [6, 10], 5: [0, 3, 5]}","{0: [4, 5, 7], 1: [1, 9, 11], 2: [], 3: [], 4: [2, 6, 10], 5: [0, 3, 8]}",39616.160110192504,36493.12609181301,3,"fidelity,latency",0.5,0.5
