step,communication_id,old_path,new_path,old_hops,new_hops,old_latency,new_latency,old_fidelity,new_fidelity
1,w0-g4-q0_4,3-2-1,3-0-1,2,2,22,27,0.95544,0.937814
2,w1-g2-q6_10,4-3-0-5,4-1-0-5,3,3,41,43,0.929479,0.921624
2,w1-g3-q4_8,1-0-3,1-4-3,2,2,30,26,0.934227,0.937104
3,w2-g4-q4_9,1-0,1-4-5-0,1,3,14,43,0.973773,0.915813
7,w6-g4-q2_11,4-5-0,4-1-0,2,2,21,40,0.934328,0.968359
7,w6-g5-q5_10,2-1-0-5,2-3-4-5,3,3,47,25,0.944892,0.917069
9,w8-g0-q4_10,1-0-5,1-4-5,2,2,34,28,0.949964,0.930284
14,w13-g2-q5_9,2-1-0,2-3-0,2,2,32,32,0.91499,0.957135
17,w0-g2-q6_9,4-5-0,4-1-0,2,2,20,38,0.914082,0.913338
19,w2-g3-q0_6,3-0-5-4,3-4,3,1,44,8,0.88216,0.969454
19,w2-g0-q8_10,3-4-5,3-0-5,2,2,16,36,0.915417,0.934235
21,w4-g5-q1_8,0-3,0-1-2-3,1,3,30,49,0.96973,0.867528
31,w14-g0-q4_6,0-5-4,0-3-4,2,2,16,39,0.886211,0.980641
34,w1-g1-q2_9,4-1,4-3-2-1,1,3,26,45,0.979873,0.903311
34,w1-g5-q0_11,5-4-1,5-0-1,2,2,37,22,0.893441,0.895674
46,w13-g5-q4_11,0-1,0-3-2-1,1,3,11,56,0.940732,0.899247
50,w1-g1-q2_9,4-1,4-3-2-1,1,3,22,34,0.982645,0.883204
