step,window_index,local_operations,remote_communications,queued_carried_in,admitted_initially,deferred_to_queue,prevented_overload_attempts,rejected_for_capacity,rejected_for_bell_pairs,rejected_for_no_route,congested_links,saturated_links,congested_link_keys,affected_communications,unaffected_communications,selective_reroutes,reroute_failures,hops_before,hops_after,latency_before,latency_after,fidelity_before,fidelity_after,max_utilization_before_reroute,max_utilization_after_reroute,congested_links_after_reroute,max_link_utilization,avg_link_utilization,max_congestion_percent,avg_congestion_percent,utilization_invariant_ok,executed,execution_failures,queued_after,queue_dropped,bell_pairs_available,bell_pairs_consumed_total,bell_pairs_regenerated,communication_cost,optimizer_method,qubo_variables,quantum_energy,classical_energy,quantum_feasible,quantum_evaluations,classical_evaluations,quantum_matched_classical,repartition_triggered,repartition_reason,partition_changed,logical_qubits_moved,congestion_event
1,0,0,6,0,6,0,0,0,0,0,1,0,1-2,2,4,1,0,1.3333333333333333,1.3333333333333333,17.666666666666668,18.5,0.964840892383258,0.9619032612254131,0.6666666666666666,0.6666666666666666,1,0.6666666666666666,0.3125,66.66666666666666,31.25,True,6,0,0,0,184.0,8.0,0.0,509.26961099998204,qaoa,6,0.7794527820977482,0.7794527820977482,True,40,9,True,False,none,False,0,True
2,1,0,6,0,6,0,0,0,0,0,1,1,0-3,4,2,2,0,1.6666666666666667,1.6666666666666667,24.333333333333332,24.0,0.954927925444891,0.9540981206969653,1.0,0.5,0,0.5,0.3958333333333333,50.0,39.58333333333333,True,6,0,0,0,182.0,18.0,8.0,649.2562545025969,qaoa,12,1.922715325356121,1.922715325356121,True,40,81,True,False,none,False,0,True
3,2,1,5,0,5,0,0,0,0,0,1,1,0-1,2,3,1,0,2.0,2.4,25.8,31.6,0.9502450028480591,0.93865305037385,1.0,0.6666666666666666,1,0.6666666666666666,0.4895833333333333,66.66666666666666,48.95833333333333,True,5,0,0,0,180.0,30.0,10.0,810.5410656944316,qaoa,6,0.6251373377592645,0.6251373377592645,True,40,9,True,False,none,False,0,True
4,3,2,4,0,4,0,0,0,0,0,0,0,,0,4,0,0,1.0,1.0,12.25,12.25,0.9691801952386576,0.9691801952386576,0.5,0.5,0,0.5,0.16666666666666666,50.0,16.666666666666664,True,4,0,0,0,188.0,34.0,12.0,198.83516828134856,none,0,,,False,0,0,False,False,none,False,0,False
5,4,0,6,0,6,0,0,0,0,0,0,0,,0,6,0,0,1.0,1.0,14.333333333333334,14.333333333333334,0.9693328375511202,0.9693328375511202,0.5,0.5,0,0.5,0.28125,50.0,28.125,True,6,0,0,0,186.0,40.0,4.0,385.7560286946243,none,0,,,False,0,0,False,False,none,False,0,False
6,5,2,4,0,4,0,0,0,0,0,0,0,,0,4,0,0,1.0,1.0,14.5,14.5,0.9745671960821243,0.9745671960821243,0.5,0.5,0,0.5,0.16666666666666666,50.0,16.666666666666664,True,4,0,0,0,188.0,44.0,6.0,205.68036794396187,none,0,,,False,0,0,False,False,none,False,0,False
7,6,0,6,0,6,0,0,0,0,0,2,0,1-2|0-5,3,3,2,0,1.6666666666666667,1.6666666666666667,22.833333333333332,22.333333333333332,0.9656616513679724,0.9666962322858009,0.6666666666666666,1.0,1,1.0,0.4479166666666667,100.0,44.79166666666667,True,6,0,0,0,182.0,54.0,4.0,723.3024679376291,qaoa,9,1.2359049494580348,1.2359049494580348,True,40,27,True,False,none,False,0,True
8,7,2,4,0,4,0,0,0,0,0,0,0,,0,4,0,0,1.5,1.5,23.0,23.0,0.9601912567677591,0.9601912567677591,0.5,0.5,0,0.5,0.22916666666666666,50.0,22.916666666666664,True,4,0,0,0,186.0,60.0,10.0,347.7304733416222,none,0,,,False,0,0,False,False,none,False,0,False
9,8,3,3,0,3,0,0,0,0,0,1,0,0-1,2,1,1,0,2.0,2.0,31.333333333333332,29.333333333333332,0.940493631396726,0.9339335750027203,0.6666666666666666,0.5,0,0.5,0.2708333333333333,50.0,27.083333333333332,True,3,0,0,0,186.0,66.0,6.0,381.15885376116313,qaoa,4,0.4876321638579072,0.4876321638579072,True,40,4,True,False,none,False,0,True
10,9,2,4,0,4,0,0,0,0,0,0,0,,0,4,0,0,1.0,1.0,14.5,14.5,0.9677895463986549,0.9677895463986549,0.3333333333333333,0.3333333333333333,0,0.3333333333333333,0.15625,33.33333333333333,15.625,True,4,0,0,0,188.0,70.0,6.0,200.0580944840163,none,0,,,False,0,0,False,False,none,False,0,False
11,10,1,5,0,5,0,0,0,0,0,0,0,,0,5,0,0,1.2,1.2,19.0,19.0,0.9708296971404555,0.9708296971404555,0.5,0.5,0,0.5,0.25,50.0,25.0,True,5,0,0,0,186.0,76.0,4.0,315.87070035446555,none,0,,,False,0,0,False,False,none,False,0,False
12,11,2,4,0,4,0,0,0,0,0,0,0,,0,4,0,0,1.5,1.5,21.75,21.75,0.9433489251119138,0.9433489251119138,0.5,0.5,0,0.5,0.2708333333333333,50.0,27.083333333333332,True,4,0,0,0,186.0,82.0,6.0,382.88508096243265,none,0,,,False,0,0,False,False,none,False,0,False
13,12,1,5,0,5,0,0,0,0,0,0,0,,0,5,0,0,1.2,1.2,16.4,16.4,0.9745261194293313,0.9745261194293313,0.5,0.5,0,0.5,0.25,50.0,25.0,True,5,0,0,0,186.0,88.0,6.0,401.23202877365026,none,0,,,False,0,0,False,False,none,False,0,False
14,13,0,6,0,6,0,0,0,0,0,1,1,0-1,2,4,1,0,1.6666666666666667,1.6666666666666667,20.333333333333332,20.333333333333332,0.9373814472116141,0.9444056635409558,1.0,1.0,1,1.0,0.4479166666666667,100.0,44.79166666666667,True,6,0,0,0,182.0,98.0,6.0,724.8009611018523,qaoa,5,0.9486216307992992,0.9486216307992992,True,40,6,True,False,none,False,0,True
15,14,1,5,0,5,0,0,0,0,0,0,0,,0,5,0,0,1.6,1.6,22.0,22.0,0.9405281465709276,0.9405281465709276,0.5,0.5,0,0.5,0.3854166666666667,50.0,38.54166666666667,True,5,0,0,0,184.0,106.0,10.0,507.12189188185016,none,0,,,False,0,0,False,False,none,False,0,False
16,15,4,2,0,2,0,0,0,0,0,0,0,,0,2,0,0,1.0,1.0,10.5,10.5,0.9780994713711233,0.9780994713711233,0.5,0.5,0,0.5,0.125,50.0,12.5,True,2,0,0,0,190.0,108.0,8.0,127.46706224751446,none,0,,,False,0,0,False,False,none,False,0,False
17,0,0,6,0,6,0,0,0,0,0,1,1,0-5,2,4,1,0,1.3333333333333333,1.3333333333333333,19.0,22.0,0.9505624726089611,0.9504385278734658,1.0,0.5,0,0.5,0.40625,50.0,40.625,True,6,0,0,0,184.0,116.0,2.0,545.4032244568515,qaoa,6,0.40210124220547794,0.40210124220547794,True,40,9,True,False,none,False,0,True
18,1,0,6,0,6,0,1,1,0,0,1,1,4-5,2,4,0,0,1.6666666666666667,1.6666666666666667,24.833333333333332,24.833333333333332,0.9321476258190723,0.9321476258190723,1.0,1.0,1,1.0,0.5,100.0,50.0,True,6,0,0,0,182.0,126.0,8.0,751.0408021597999,qaoa,6,1.002517587237741,1.002517587237741,True,40,9,True,False,none,False,0,True
19,2,1,5,0,5,0,0,0,0,0,1,0,4-5,2,3,2,0,2.0,1.6,29.2,26.0,0.9147710807925925,0.9359935382334477,0.6666666666666666,0.5,0,0.5,0.3645833333333333,50.0,36.45833333333333,True,5,0,0,0,184.0,134.0,10.0,512.5009742492704,qaoa,5,0.3213464571101596,0.3213464571101596,True,40,6,True,False,none,False,0,True
20,3,2,4,0,4,0,0,0,0,0,0,0,,0,4,0,0,1.0,1.0,15.25,15.25,0.9683357201033227,0.9683357201033227,0.5,0.5,0,0.5,0.1875,50.0,18.75,True,4,0,0,0,188.0,138.0,8.0,227.83962500214918,none,0,,,False,0,0,False,True,latency,True,3,False
21,4,2,4,0,4,0,0,0,0,0,1,0,0-3,2,2,1,0,1.0,1.5,21.0,25.75,0.9612557115283142,0.9357051649326087,0.6666666666666666,0.6666666666666666,1,0.6666666666666666,0.26041666666666663,66.66666666666666,26.041666666666664,True,4,0,0,0,186.0,144.0,4.0,410.6518196309347,qaoa,6,0.6253906389134154,0.6253906389134154,True,40,9,True,True,"fidelity,latency",True,2,True
22,5,3,3,0,3,0,0,0,0,0,0,0,,0,3,0,0,1.0,1.0,17.333333333333332,17.333333333333332,0.9762667276078364,0.9762667276078364,0.5,0.5,0,0.5,0.15625,50.0,15.625,True,3,0,0,0,189.0,147.0,6.0,187.25041650025778,none,0,,,False,0,0,False,True,"fidelity,latency",False,0,False
23,6,1,5,0,5,0,0,0,0,0,0,0,,0,5,0,0,1.8,1.8,32.6,32.6,0.934780482727245,0.934780482727245,0.5,0.5,0,0.5,0.3333333333333333,50.0,33.33333333333333,True,5,0,0,0,183.0,156.0,3.0,622.4839367187707,none,0,,,False,0,0,False,True,"fidelity,latency",True,1,False
24,7,2,4,0,4,0,0,0,0,0,0,0,,0,4,0,0,1.0,1.0,22.25,22.25,0.9654058520345012,0.9654058520345012,0.5,0.5,0,0.5,0.13541666666666666,50.0,13.541666666666666,True,4,0,0,0,188.0,160.0,9.0,265.43976722309014,none,0,,,False,0,0,False,True,"fidelity,latency",True,5,False
25,8,3,3,0,3,0,0,0,0,0,0,0,,0,3,0,0,1.3333333333333333,1.3333333333333333,27.333333333333332,27.333333333333332,0.9778650897505341,0.9778650897505341,0.3333333333333333,0.3333333333333333,0,0.3333333333333333,0.13541666666666666,33.33333333333333,13.541666666666666,True,3,0,0,0,188.0,164.0,4.0,201.15743794472093,none,0,,,False,0,0,False,True,"fidelity,latency",False,0,False
26,9,4,2,0,2,0,0,0,0,0,0,0,,0,2,0,0,1.0,1.0,14.0,14.0,0.9668116677051882,0.9668116677051882,0.3333333333333333,0.3333333333333333,0,0.3333333333333333,0.08333333333333333,33.33333333333333,8.333333333333332,True,2,0,0,0,190.0,166.0,4.0,103.39128964736814,none,0,,,False,0,0,False,True,"fidelity,latency",True,2,False
27,10,1,5,0,5,0,1,1,0,0,1,1,1-2,2,3,0,0,1.2,1.2,21.6,21.6,0.9548215471626353,0.9548215471626353,1.0,1.0,1,1.0,0.3020833333333333,100.0,30.208333333333332,True,5,0,0,0,186.0,172.0,2.0,478.8043560339984,qaoa,6,1.125959406667015,1.125959406667015,True,40,9,True,True,"fidelity,latency",True,5,True
28,11,1,5,0,5,0,0,0,0,0,0,0,,0,5,0,0,1.4,1.4,27.0,27.0,0.9631872181102981,0.9631872181102981,0.5,0.5,0,0.5,0.2604166666666667,50.0,26.041666666666668,True,5,0,0,0,185.0,179.0,6.0,469.28033048828127,none,0,,,False,0,0,False,True,"fidelity,latency",True,3,False
29,12,1,5,0,5,0,0,0,0,0,0,0,,0,5,0,0,1.2,1.2,22.6,22.6,0.9702887807592189,0.9702887807592189,0.5,0.5,0,0.5,0.20833333333333331,50.0,20.833333333333332,True,5,0,0,0,186.0,185.0,7.0,351.1020436217831,none,0,,,False,0,0,False,True,"fidelity,latency",True,3,False
30,13,0,6,0,6,0,0,0,0,0,0,0,,0,6,0,0,1.3333333333333333,1.3333333333333333,21.333333333333332,21.333333333333332,0.9406815426246401,0.9406815426246401,0.5,0.5,0,0.5,0.3020833333333333,50.0,30.208333333333332,True,6,0,0,0,184.0,193.0,6.0,463.81881233353465,none,0,,,False,0,0,False,True,"fidelity,latency",False,0,False
31,14,1,5,0,5,0,0,0,0,0,1,0,4-5,3,2,1,0,1.2,1.2,9.8,14.4,0.9257818196698544,0.9446679788545783,0.75,0.5,0,0.5,0.21875,50.0,21.875,True,5,0,0,0,186.0,199.0,8.0,331.03103134610274,classical_exhaustive,9,1.3629651854602693,0.855592701441142,True,40,27,False,True,"fidelity,latency",False,0,True
32,15,4,2,0,2,0,0,0,0,0,0,0,,0,2,0,0,1.0,1.0,18.0,18.0,0.9670765870914304,0.9670765870914304,0.3333333333333333,0.3333333333333333,0,0.3333333333333333,0.07291666666666666,33.33333333333333,7.291666666666666,True,2,0,0,0,190.0,201.0,6.0,103.00497243678636,none,0,,,False,0,0,False,True,"fidelity,latency",False,0,False
33,0,1,5,0,5,0,0,0,0,0,0,0,,0,5,0,0,1.6,1.6,25.0,25.0,0.9293006466048483,0.9293006466048483,0.5,0.5,0,0.5,0.3125,50.0,31.25,True,5,0,0,0,184.0,209.0,2.0,519.2542505952426,none,0,,,False,0,0,False,True,"fidelity,latency",False,0,False
34,1,2,4,0,4,0,0,0,0,0,1,0,1-4,3,1,2,0,1.5,2.0,27.25,28.25,0.9341200352784718,0.9155376568037548,0.75,1.0,1,1.0,0.3541666666666667,100.0,35.41666666666667,True,4,0,0,0,184.0,217.0,8.0,539.1787533105809,classical_exhaustive,7,1.4868851173536175,1.4457415852782065,True,40,12,False,True,"fidelity,latency",True,3,True
35,2,1,5,0,5,0,0,0,0,0,0,0,,0,5,0,0,1.2,1.2,16.0,16.0,0.9540197493907284,0.9540197493907284,0.5,0.5,0,0.5,0.21875,50.0,21.875,True,5,0,0,0,186.0,223.0,8.0,334.5977028403551,none,0,,,False,0,0,False,True,"fidelity,latency",False,0,False
36,3,3,3,0,3,0,0,0,0,0,0,0,,0,3,0,0,2.0,2.0,38.0,38.0,0.9464648299642988,0.9464648299642988,0.5,0.5,0,0.5,0.20833333333333331,50.0,20.833333333333332,True,3,0,0,0,186.0,229.0,6.0,353.44328437772714,none,0,,,False,0,0,False,True,"fidelity,latency",True,3,False
37,4,2,4,0,4,0,0,0,0,0,1,0,4-5,2,2,0,0,1.5,1.5,22.0,22.0,0.9054434655791326,0.9054434655791326,0.6666666666666666,0.6666666666666666,1,0.6666666666666666,0.23958333333333331,66.66666666666666,23.958333333333332,True,4,0,0,0,186.0,235.0,6.0,440.93359318678296,qaoa,5,0.7620467500189443,0.7620467500189443,True,40,6,True,True,"fidelity,latency",False,0,True
38,5,3,3,0,3,0,0,0,0,0,0,0,,0,3,0,0,1.3333333333333333,1.3333333333333333,22.666666666666668,22.666666666666668,0.9582309619086983,0.9582309619086983,0.5,0.5,0,0.5,0.16666666666666666,50.0,16.666666666666664,True,3,0,0,0,188.0,239.0,6.0,218.05981606013913,none,0,,,False,0,0,False,True,"fidelity,latency",True,3,False
39,6,0,6,0,6,0,0,0,0,0,0,0,,0,6,0,0,1.5,1.5,25.333333333333332,25.333333333333332,0.9254017104388602,0.9254017104388602,0.5,0.5,0,0.5,0.38541666666666663,50.0,38.541666666666664,True,6,0,0,0,183.0,248.0,4.0,564.858597097031,none,0,,,False,0,0,False,True,"fidelity,latency",True,3,False
40,7,3,3,0,3,0,0,0,0,0,0,0,,0,3,0,0,1.3333333333333333,1.3333333333333333,26.0,26.0,0.9517021450018347,0.9517021450018347,0.5,0.5,0,0.5,0.16666666666666666,50.0,16.666666666666664,True,3,0,0,0,188.0,252.0,9.0,230.02562593533048,none,0,,,False,0,0,False,True,"fidelity,latency",True,3,False
41,8,3,3,0,3,0,0,0,0,0,0,0,,0,3,0,0,1.6666666666666667,1.6666666666666667,26.666666666666668,26.666666666666668,0.952242482690194,0.952242482690194,0.5,0.5,0,0.5,0.21875,50.0,21.875,True,3,0,0,0,187.0,257.0,4.0,324.93211533782073,none,0,,,False,0,0,False,True,"fidelity,latency",False,0,False
42,9,3,3,0,3,0,0,0,0,0,0,0,,0,3,0,0,1.0,1.0,20.666666666666668,20.666666666666668,0.9623405951860896,0.9623405951860896,0.5,0.5,0,0.5,0.13541666666666666,50.0,13.541666666666666,True,3,0,0,0,189.0,260.0,5.0,184.7615895601151,none,0,,,False,0,0,False,True,"fidelity,latency",True,3,False
43,10,1,5,0,5,0,0,0,0,0,0,0,,0,5,0,0,1.6,1.6,27.0,27.0,0.961392587580497,0.961392587580497,0.5,0.5,0,0.5,0.3333333333333333,50.0,33.33333333333333,True,5,0,0,0,184.0,268.0,3.0,479.52771977990267,none,0,,,False,0,0,False,True,"fidelity,latency",True,1,False
44,11,2,4,0,4,0,0,0,0,0,0,0,,0,4,0,0,1.25,1.25,28.5,28.5,0.9535651294009928,0.9535651294009928,0.5,0.5,0,0.5,0.22916666666666666,50.0,22.916666666666664,True,4,0,0,0,187.0,273.0,8.0,371.2195345373631,none,0,,,False,0,0,False,True,"fidelity,latency",True,1,False
45,12,1,5,0,5,0,0,0,0,0,1,0,0-5,2,3,0,0,1.2,1.2,21.4,21.4,0.964009039327437,0.964009039327437,0.6666666666666666,0.6666666666666666,1,0.6666666666666666,0.25,66.66666666666666,25.0,True,5,0,0,0,186.0,279.0,5.0,398.01787822824457,qaoa,6,0.7002547023958261,0.7002547023958261,True,40,9,True,True,"fidelity,latency",False,0,True
46,13,0,6,0,6,0,0,0,0,0,1,0,0-1,2,4,1,0,1.3333333333333333,1.6666666666666667,20.833333333333332,28.333333333333332,0.9520152793510426,0.9451011418603352,0.6666666666666666,0.6666666666666666,1,0.6666666666666666,0.35416666666666663,66.66666666666666,35.416666666666664,True,6,0,0,0,182.0,289.0,6.0,613.8326846686689,classical_exhaustive,6,0.7438044255075387,0.7248484130727433,True,40,9,False,True,"fidelity,latency",True,3,True
47,14,2,4,0,4,0,0,0,0,0,0,0,,0,4,0,0,1.25,1.25,19.0,19.0,0.9272964079824039,0.9272964079824039,0.5,0.5,0,0.5,0.1875,50.0,18.75,True,4,0,0,0,187.0,294.0,10.0,310.6977477867314,none,0,,,False,0,0,False,True,"fidelity,latency",True,3,False
48,15,4,2,0,2,0,0,0,0,0,0,0,,0,2,0,0,1.0,1.0,18.0,18.0,0.9831222632271062,0.9831222632271062,0.3333333333333333,0.3333333333333333,0,0.3333333333333333,0.07291666666666666,33.33333333333333,7.291666666666666,True,2,0,0,0,190.0,296.0,5.0,99.79583720965121,none,0,,,False,0,0,False,True,"fidelity,latency",False,0,False
49,0,1,5,0,5,0,0,0,0,0,0,0,,0,5,0,0,1.6,1.6,19.6,19.6,0.9381299435263035,0.9381299435263035,0.5,0.5,0,0.5,0.3229166666666667,50.0,32.29166666666667,True,5,0,0,0,184.0,304.0,2.0,446.09369534642207,none,0,,,False,0,0,False,True,"fidelity,latency",False,0,False
50,1,2,4,0,4,0,0,0,0,0,1,1,1-4,2,2,1,0,1.5,2.0,20.5,23.5,0.9542750790116719,0.9294148444112463,1.0,0.5,0,0.5,0.3125,50.0,31.25,True,4,0,0,0,184.0,312.0,8.0,431.1972008011067,qaoa,5,0.4257495177307974,0.4257495177307974,True,40,6,True,True,"fidelity,latency",False,0,True
